case,dP_sim,dP_exp,err_dP%,Q_sim,Q_exp,err_Q%,wall_s,exit_A,simple_iters_A,outer_iters,converged,res_mass_legacy,res_mom,res_mass_local,res_mass_global,backflow_frac,mode,mom_tol
1,1335.8004153205263,1149.126601742696,16.24484310908233,251.2512837526645,248.39861410269177,1.1484241408824456,3.1886514000361785,velocity,77,3,False,0.0008478403926737807,,,,,legacy,
2,4913.770420905849,5195.172161611317,-5.416600873881134,631.5012227092227,621.0838013439777,1.6772972250608518,0.20189959998242557,velocity,81,3,False,0.0009184110642950863,,,,,legacy,
3,10569.386569658749,11103.029520295204,-4.806282372401244,986.0256537928633,975.2318254909474,1.1067961503904111,0.22076619998551905,velocity,87,3,False,0.0009352360189995235,,,,,legacy,
4,17863.500239029538,18456.061714415126,-3.2106604570072887,1283.833550398183,1269.09427565157,1.161401089690185,0.20856060000369325,velocity,88,3,False,0.0009395105073806557,,,,,legacy,
5,36609.660189392984,36260.139271255066,0.9639260222450322,1913.8509462876889,1891.0887712541967,1.2036544967900167,0.22240580001380295,velocity,90,3,False,0.0009287725266613006,,,,,legacy,
6,58711.038106945576,58702.7203898051,0.014169219220578974,2534.932524308643,2513.932051245854,0.8353635911671474,0.21489269996527582,velocity,98,3,False,0.000907024242255213,,,,,legacy,
7,70571.89032757866,71067.29116766468,-0.6970869888895157,2623.2120841201163,2605.674844153385,0.6730402300993664,0.2213886000099592,velocity,97,3,False,0.0008947059790450546,,,,,legacy,
8,80746.66536102061,81996.5771881461,-1.5243463446742254,2821.9037860424846,2795.7223192336955,0.9364830916385642,0.2227697999915108,velocity,99,3,False,0.0008855422833567503,,,,,legacy,
9,92429.88697035461,94497.03459747173,-2.1875264508802195,2794.787511518878,2783.1181653308736,0.41929036048015556,0.22222270001657307,velocity,98,3,False,0.0008741199465921984,,,,,legacy,
10,104133.70197448702,106605.26741914477,-2.318427132629561,2778.503410338831,2775.7621661416856,0.09875645077171248,0.22576489998027682,velocity,96,3,False,0.0008627501513900256,,,,,legacy,
11,116318.61243117876,118286.89393643984,-1.6639895086929213,2774.801559720403,2779.9905934861486,-0.18665652243227238,0.21410719997948036,velocity,94,3,False,0.0008501982387674105,,,,,legacy,
12,130285.39466914063,129212.5138101983,0.8303227197624949,2718.0350873154994,2535.868061142537,7.183616094399124,0.21265000000130385,velocity,94,3,False,0.0008324688296352423,,,,,legacy,
13,145036.56666704145,140258.90562036054,3.4063156457334873,2704.1061092848927,2726.9328912092415,-0.8370863103355062,0.2155186000163667,velocity,95,3,False,0.0008129190510398939,,,,,legacy,
14,158605.93563920585,151917.0532262114,4.402983253653824,2618.717923029132,2648.0398253390736,-1.1073059411478752,0.21970299998065457,velocity,95,3,False,0.0007977928745606828,,,,,legacy,
15,170734.0519280415,165066.9057230455,3.4332419210090044,2516.089728952052,2560.5242848083044,-1.735369436637812,0.21318660001270473,velocity,94,3,False,0.0007898534424368304,,,,,legacy,
16,181663.84679901096,178684.31775700935,1.6674821156120905,2426.0895111870072,2481.340390100858,-2.22665455873246,0.21324889996321872,velocity,92,3,False,0.0007864722072002472,,,,,legacy,
1,1332.3969428640394,1149.126601742696,15.948664041316823,251.25299761765567,248.39861410269177,1.1491141064836432,0.4249365999712609,tol,179,3,False,0.0008410698145698421,0.0008444364866390796,3.389492704359955e-08,4.744690342131134e-07,0.0,f2@0.001,0.001
2,4911.08029507809,5195.172161611317,-5.468382138179506,631.5077079155867,621.0838013439777,1.678341400798485,0.38851420005084947,tol,193,3,False,0.0009118291882167358,0.00033986082796614426,4.337149020556452e-08,8.404263103902648e-07,0.0,f2@0.001,0.001
3,10586.799691379754,11103.029520295204,-4.6494502061066685,986.0133950074667,975.2318254909474,1.105539137947195,0.38272380002308637,tol,203,3,False,0.0009316262069547224,0.00017987648306197365,4.0925156505531955e-08,8.735432269988056e-07,0.0,f2@0.001,0.001
4,17907.769072053063,18456.061714415126,-2.970799788417582,1283.7918865488487,1269.09427565157,1.1581181303282464,0.38975119998212904,tol,206,3,False,0.0009365032919813595,0.0001251650860134128,3.7657105275564635e-08,8.552479049213624e-07,0.0,f2@0.001,0.001
5,36730.73072989652,36260.139271255066,1.2978203286011882,1913.6519242473173,1891.0887712541967,1.193130292776073,0.39187390002189204,tol,201,3,False,0.0009266632436446434,0.00011443102960828923,7.48980099035014e-08,8.51180126420202e-07,0.0,f2@0.001,0.001
6,58806.9720446852,58702.7203898051,0.1775925445836832,2534.598353680041,2513.932051245854,0.8220708441162976,0.3750743999844417,tol,215,3,False,0.0009064224566962024,0.00015919711193433824,1.6771797883143385e-07,8.2468286510583e-07,0.0,f2@0.001,0.001
7,70689.5840781508,71067.29116766468,-0.5314781009772469,2622.823802131388,2605.674844153385,0.6581388317303682,0.38077280001016334,tol,218,3,False,0.0008940671639467574,0.00015986290926347613,2.039121343697106e-07,7.080582765133987e-07,0.0,f2@0.001,0.001
8,80864.57226722696,81996.5771881461,-1.380551432435626,2821.4724037342853,2795.7223192336955,0.9210530074262825,0.37759320001350716,tol,218,3,False,0.0008851833640042837,0.0001900826420048655,2.762362097451483e-07,6.91545594026856e-07,0.0,f2@0.001,0.001
9,92563.81338031839,94497.03459747173,-2.0458009347999897,2794.3452699000927,2783.1181653308736,0.4034002116429862,0.37672500003827736,tol,216,3,False,0.0008737231316734633,0.00019992953328997433,3.3738972482016515e-07,7.321313966717674e-07,0.0,f2@0.001,0.001
10,104314.88486043435,106605.26741914477,-2.148470346878096,2777.9954316184235,2775.7621661416856,0.0804559376152213,0.36792519997106865,tol,214,3,False,0.000862265443884538,0.00019629154314233584,3.7407832225006565e-07,6.260861028088985e-07,0.0,f2@0.001,0.001
11,116567.38040098784,118286.89393643984,-1.4536805204944887,2774.2332095769084,2779.9905934861486,-0.20710084137444215,0.37991939997300506,tol,211,3,False,0.0008496089454980311,0.00021787594511723016,4.751132661419098e-07,7.283686757697834e-07,0.0,f2@0.001,0.001
12,130531.51374480035,129212.5138101983,1.0207989115818474,2717.4922172017014,2535.868061142537,7.16220843040759,0.3723476000013761,tol,208,3,False,0.0008319614824761705,0.00021269355316175318,5.340622567245522e-07,5.409329682623381e-07,0.0,f2@0.001,0.001
13,145283.53796629448,140258.90562036054,3.5823980828241524,2703.568076792224,2726.9328912092415,-0.8568166269268349,0.38537740003084764,tol,206,3,False,0.0008125904549478635,0.0002376176203348353,6.960969217597393e-07,6.070127251252927e-07,0.0,f2@0.001,0.001
14,158841.17009739214,151917.0532262114,4.55782726437592,2618.231927410072,2648.0398253390736,-1.1256589739991874,0.35698739998042583,tol,205,3,False,0.0007975163730193838,0.0002286601566778025,7.419341220154716e-07,5.11081071709883e-07,0.0,f2@0.001,0.001
15,170952.8394883911,165066.9057230455,3.565786696953785,2515.6741552529543,2560.5242848083044,-1.7515994603701976,0.36369299999205396,tol,203,3,False,0.0007895349939450007,0.00021459900535154714,7.400651754735287e-07,5.655688281455076e-07,0.0,f2@0.001,0.001
16,181903.4392602642,178684.31775700935,1.8015691268623135,2425.717039143884,2481.340390100858,-2.24166547962865,0.3594382000155747,tol,201,3,False,0.0007860612118296092,0.00018335665982972945,6.443523449253744e-07,4.2484524549216035e-07,0.0,f2@0.001,0.001
1,1332.6598286928668,1149.126601742696,15.971541053164664,251.25288881725555,248.39861410269177,1.1490703057561285,0.5016332999803126,tol,247,3,False,0.0008410777988062998,8.252864005325598e-05,2.6285804467403254e-09,4.337037393213146e-08,0.0,f2@0.0001,0.0001
2,4911.486229814882,5195.172161611317,-5.460568446464117,631.5072747778826,621.0838013439777,1.6782716617869058,0.4887243999983184,tol,251,3,False,0.0009118561246122451,8.21547066341734e-05,9.459713057314363e-09,1.8486896292241828e-07,0.0,f2@0.0001,0.0001
3,10587.10927263648,11103.029520295204,-4.646661946774742,986.0128650676355,975.2318254909474,1.1054847980643792,0.4822767000296153,tol,251,3,False,0.0009316444289451095,8.475419345163723e-05,1.7583582163897275e-08,3.7658666426950183e-07,0.0,f2@0.0001,0.0001
4,17907.976707803264,18456.061714415126,-2.9696747610232554,1283.7914009451292,1269.09427565157,1.158079866526357,0.47224769997410476,tol,250,3,False,0.0009365144140102824,8.226064839856405e-05,2.2748106509901877e-08,5.174463573073832e-07,0.0,f2@0.0001,0.0001
5,36730.89561770309,36260.139271255066,1.2982750643244623,1913.6512285589165,1891.0887712541967,1.1930935050582574,0.47665730002336204,tol,249,3,False,0.0009266734459132368,8.902495797489836e-05,5.557345023480859e-08,5.495790834325743e-07,0.0,f2@0.0001,0.0001
6,58807.252097420205,58702.7203898051,0.17806961401614724,2534.5965927710936,2513.932051245854,0.8220007981122133,0.4652147999731824,tol,245,3,False,0.0009064497100902519,8.96221418602566e-05,8.737372629124074e-08,2.6615468756179814e-07,0.0,f2@0.0001,0.0001
7,70689.81514341867,71067.29116766468,-0.5311529650897309,2622.8220624332203,2605.674844153385,0.6580720659874411,0.44381210004212335,tol,241,3,False,0.0008940940453787544,8.880311979814719e-05,1.0474273015385677e-07,1.8338456055647994e-07,0.0,f2@0.0001,0.0001
8,80864.77704687182,81996.5771881461,-1.3803016907367858,2821.469965424066,2795.7223192336955,0.9209657916751773,0.43297439999878407,tol,240,3,False,0.000885221794387936,8.560279132299996e-05,1.1210174807290786e-07,4.4939953195735086e-08,0.0,f2@0.0001,0.0001
9,92563.99973583473,94497.03459747173,-2.0456037270070286,2794.342562399293,2783.1181653308736,0.4033029286446053,0.4346095999935642,tol,235,3,False,0.0008737618996488236,8.951476071524456e-05,1.3532875219852346e-07,8.64628117403889e-09,0.0,f2@0.0001,0.0001
10,104314.97897551584,106605.26741914477,-2.148382063171513,2777.9928382786893,2775.7621661416856,0.08036250959153075,0.4426229000091553,tol,231,3,False,0.0008623019606902078,8.724348566464827e-05,1.4827760191327503e-07,5.734919510044985e-08,0.0,f2@0.0001,0.0001
11,116567.41485105982,118286.89393643984,-1.453651396327953,2774.2299357238508,2779.9905934861486,-0.20721860627139202,0.42940729996189475,tol,227,3,False,0.0008496503324296303,8.678130851967878e-05,1.6534407925625052e-07,1.3037309648446513e-07,0.0,f2@0.0001,0.0001
12,130531.33412473039,129212.5138101983,1.0206599002239964,2717.4892467662876,2535.868061142537,7.162091293579406,0.4354408000363037,tol,223,3,False,0.0008319990045991254,8.3531819676334e-05,1.820320439724558e-07,2.3026112425384497e-07,0.0,f2@0.0001,0.0001
13,145283.11092707206,140258.90562036054,3.5820936178630682,2703.5644003348575,2726.9328912092415,-0.8569514471630924,0.4097938000340946,tol,218,3,False,0.0008126308633958541,8.276997853562493e-05,2.0524936555723784e-07,3.4594123161235363e-07,0.0,f2@0.0001,0.0001
14,158840.636112925,151917.0532262114,4.5574757669924555,2618.2285072267814,2648.0398253390736,-1.1257881330570587,0.4027320999884978,tol,215,3,False,0.0007975497643233288,8.763055430303078e-05,2.439118396028649e-07,4.0696155249775463e-07,0.0,f2@0.0001,0.0001
15,170952.30562964975,165066.9057230455,3.565463277344625,2515.6707650881935,2560.5242848083044,-1.7517318615655637,0.3976670000120066,tol,212,3,False,0.0007895645499472349,8.187885529526436e-05,2.4203491053708223e-07,3.9725967878107544e-07,0.0,f2@0.0001,0.0001
16,181903.05603680664,178684.31775700935,1.8013546573093255,2425.7144691195663,2481.340390100858,-2.2417690536617805,0.38362639996921644,tol,209,3,False,0.0007860820287201695,8.669038158224606e-05,2.6978158100739697e-07,3.4018079469593285e-07,0.0,f2@0.0001,0.0001
1,1332.68383121135,1149.126601742696,15.97362981505103,251.25287887120115,248.39861410269177,1.1490663016861216,0.6214887000387534,tol,314,3,False,0.0008410820732781973,8.823652374240214e-06,2.6646701238676124e-10,4.3857674350957785e-09,0.0,f2@1e-05,1e-05
2,4911.591592061321,5195.172161611317,-5.458540366485992,631.5071632976513,621.0838013439777,1.6782537124810335,0.6133095999830402,tol,318,3,False,0.000911869255657153,8.191676001900223e-06,8.041972306470448e-10,1.5833285541851e-08,0.0,f2@1e-05,1e-05
3,10587.327932070759,11103.029520295204,-4.644692579460364,986.0124987282443,975.2318254909474,1.1054472337251462,0.5914141000248492,tol,318,3,False,0.0009316651651349877,8.517035657322906e-06,1.3915493573977788e-09,2.978466362055357e-08,0.0,f2@1e-05,1e-05
4,17908.280782148766,18456.061714415126,-2.968027202891909,1283.790722306388,1269.09427565157,1.1580263922688323,0.5952344000106677,tol,316,3,False,0.0009365402119843239,8.942649688149533e-06,2.2232075423815767e-09,3.629064427326573e-08,0.0,f2@1e-05,1e-05
5,36731.20593711229,36260.139271255066,1.2991308784923974,1913.6500105436096,1891.0887712541967,1.1930290969074917,0.6132875999901444,tol,316,3,False,0.0009267078357511414,8.241088586056708e-06,4.16980465253329e-09,1.3331590359662415e-08,0.0,f2@1e-05,1e-05
6,58807.33193321992,58702.7203898051,0.17820561418646597,2534.595609089949,2513.932051245854,0.8219616689263588,0.5874238000251353,tol,310,3,False,0.0009064827147063964,8.649189435960507e-06,6.80172071978306e-09,9.75712447454549e-09,0.0,f2@1e-05,1e-05
7,70689.80758277529,71067.29116766468,-0.5311636038002513,2622.8212400383436,2605.674844153385,0.6580405043028166,0.5678723999881186,tol,304,3,False,0.0008941257250826448,8.358866660379833e-06,7.841596528093966e-09,1.8483787899043434e-08,0.0,f2@1e-05,1e-05
8,80864.65339830359,81996.5771881461,-1.380452487968172,2821.469459726571,2795.7223192336955,0.9209477034161551,0.5661872999626212,tol,302,3,False,0.000885251371342469,8.700496912436205e-06,9.093045634056059e-09,2.785677892071067e-08,0.0,f2@1e-05,1e-05
9,92563.80152344618,94497.03459747173,-2.045813482148444,2794.3421199112445,2783.1181653308736,0.4032870296413206,0.5487708000000566,tol,297,3,False,0.0008737916379525396,8.933417849288257e-06,1.0604591858887506e-08,3.575428856566026e-08,0.0,f2@1e-05,1e-05
10,104314.69274977363,106605.26741914477,-2.1486505543531766,2777.9925753546395,2775.7621661416856,0.08035303745256193,0.5436211000196636,tol,293,3,False,0.000862329846797382,8.499449639119148e-06,1.1188867082107996e-08,4.150291523092512e-08,0.0,f2@1e-05,1e-05
11,116567.02314648415,118286.89393643984,-1.4539825442367638,2774.2298640440717,2779.9905934861486,-0.20722118468943343,0.5266265000100248,tol,289,3,False,0.000849676821768502,8.223060054082767e-06,1.1949286556155259e-08,4.8143287620161775e-08,0.0,f2@1e-05,1e-05
12,130530.81773049923,129212.5138101983,1.0202602529948424,2717.489440644991,2535.868061142537,7.162098939036462,0.5111004000063986,tol,283,3,False,0.0008320225256874918,8.481144977282148e-06,1.4056435425004126e-08,6.066526505742387e-08,0.0,f2@1e-05,1e-05
13,145282.43325096235,140258.90562036054,3.581610457020827,2703.5649051150713,2726.9328912092415,-0.8569329362486732,0.5204257000004873,tol,280,3,False,0.000812652293767171,8.001329348330631e-06,1.50564089967477e-08,6.977510185321288e-08,0.0,f2@1e-05,1e-05
14,158839.79303364694,151917.0532262114,4.556920806729492,2618.229104331983,2648.0398253390736,-1.1257655841061052,0.5360077999648638,tol,277,3,False,0.0007975706093715845,8.200271743320098e-06,1.7128645354444093e-08,8.153342351792362e-08,0.0,f2@1e-05,1e-05
15,170951.4465721091,165066.9057230455,3.5649428474396156,2515.6713084766575,2560.5242848083044,-1.7517106397998825,0.5179411999997683,tol,273,3,False,0.0007895828030576432,8.459396095412612e-06,1.8862938234087605e-08,8.925418440304283e-08,0.0,f2@1e-05,1e-05
16,181902.11224604552,178684.31775700935,1.8008264683932746,2425.7148067775447,2481.340390100858,-2.241755445775503,0.5147548000095412,tol,271,3,False,0.0007861008788444738,8.0038864294713e-06,1.8389522796219515e-08,8.648546171579353e-08,0.0,f2@1e-05,1e-05
