fluid,topology,L_mm,t_mm,sK,sF,packaged_sF,n,rmsre,bias,darcy_fraction_median,identifiability,source,filter,status,scope,n_total,n_excluded,n_outside_scope,excluded_cases,outside_scope_cases,A_flow_m2,L_flow_m,u_min_mps,u_max_mps,campaign
air,Diamond,4.0,0.3,1.0,2.715350185963004,,9,0.28597406166109335,-0.08897579225152796,0.04343446478900874,K weak; fixed at CFD K0,试验记录表_整理版.xlsx,original valid rows,high_uncertainty,core-calibrated,,,,,,,,,,
air,Diamond,4.0,0.4,1.0,2.240258283347569,,8,0.2868250003123067,-0.08855911206044742,0.04196417634501297,K weak; fixed at CFD K0,试验记录表_整理版.xlsx,original valid rows,high_uncertainty,core-calibrated,,,,,,,,,,
air,Diamond,4.0,0.5,1.0,3.068931239898851,,6,0.2817786809248922,-0.08394389464023493,0.03375821671783166,K weak; fixed at CFD K0,试验记录表_整理版.xlsx,original valid rows,high_uncertainty,core-calibrated,,,,,,,,,,
air,Diamond,5.0,0.3,1.0,1.8748238511623294,,13,0.32667074665604673,-0.11983400176063738,0.0518603258104073,K weak; fixed at CFD K0,试验记录表_整理版.xlsx,original valid rows,high_uncertainty,core-calibrated,,,,,,,,,,
air,Diamond,5.0,0.4,1.0,1.5634481454737128,,12,0.3267427425497776,-0.11929878732597943,0.052338153110774534,K weak; fixed at CFD K0,试验记录表_整理版.xlsx,original valid rows,high_uncertainty,core-calibrated,,,,,,,,,,
air,Diamond,5.0,0.5,1.0,1.6217751083727205,,10,0.28704140484434776,-0.09338939877498773,0.06117418702717879,K weak; fixed at CFD K0,试验记录表_整理版.xlsx,original valid rows,high_uncertainty,core-calibrated,,,,,,,,,,
air,Diamond,6.0,0.3,1.0,3.2788759419747464,3.2788759419747464,15,0.01561179206421158,-0.00017569441996463376,0.05085828932153892,K weak; fixed at CFD K0,试验记录表_整理版.xlsx,original valid rows,approved,core-calibrated,,,,,,,,,,
air,Diamond,6.0,0.4,1.0,2.9992364468561084,2.9992364468561084,15,0.04200577940984592,0.00018433528381101756,0.050419389241468056,K weak; fixed at CFD K0,试验记录表_整理版.xlsx,original valid rows,approved,core-calibrated,,,,,,,,,,
air,Diamond,6.0,0.5,1.0,3.0895675839867764,3.0895675839867764,15,0.014262923513444986,-4.416328890179215e-05,0.05300165632329688,K weak; fixed at CFD K0,试验记录表_整理版.xlsx,original valid rows,approved,core-calibrated,,,,,,,,,,
air,Diamond,8.0,0.3,1.0,3.4920497763293974,3.4920497763293974,15,0.044748865591992044,-0.0026926641978946377,0.025254489958255032,K weak; fixed at CFD K0,试验记录表_整理版.xlsx,L8 Re>=1600,approved,core-calibrated,,,,,,,,,,
air,Diamond,8.0,0.4,1.0,2.7662611615506574,2.7662611615506574,14,0.031212830895845166,-0.00148887939648386,0.032677472463010726,K weak; fixed at CFD K0,试验记录表_整理版.xlsx,L8 Re>=1600,approved,core-calibrated,,,,,,,,,,
air,Diamond,8.0,0.5,1.0,2.526747036629653,2.526747036629653,13,0.0219459837490368,-0.0007767010702065194,0.028350665398142374,K weak; fixed at CFD K0,试验记录表_整理版.xlsx,L8 Re>=1600,approved,core-calibrated,,,,,,,,,,
air,Gyroid,4.0,0.3,1.0,2.4035910470794186,,11,0.3295244563457819,-0.11712846250495809,0.03770794456577702,K weak; fixed at CFD K0,试验记录表_整理版.xlsx,original valid rows,high_uncertainty,core-calibrated,,,,,,,,,,
air,Gyroid,4.0,0.4,1.0,2.9396016894063353,,10,0.32162305249672163,-0.11161976872646262,0.039972136788423415,K weak; fixed at CFD K0,试验记录表_整理版.xlsx,original valid rows,high_uncertainty,core-calibrated,,,,,,,,,,
air,Gyroid,4.0,0.5,1.0,2.316835529950189,,8,0.2684194917471464,-0.07787196383213758,0.04374508501982033,K weak; fixed at CFD K0,试验记录表_整理版.xlsx,original valid rows,high_uncertainty,core-calibrated,,,,,,,,,,
air,Gyroid,5.0,0.3,1.0,1.233558264961759,,16,0.301574503058342,-0.10768565543408934,0.06517113769308436,K weak; fixed at CFD K0,试验记录表_整理版.xlsx,original valid rows,high_uncertainty,core-calibrated,,,,,,,,,,
air,Gyroid,5.0,0.4,1.0,1.21354111180202,,15,0.2947440940997752,-0.10353122515149073,0.0710812742129266,K weak; fixed at CFD K0,试验记录表_整理版.xlsx,original valid rows,high_uncertainty,core-calibrated,,,,,,,,,,
air,Gyroid,5.0,0.5,1.0,1.0586498092158383,,15,0.30563831852107065,-0.11385052426376359,0.08379991734173176,K weak; fixed at CFD K0,试验记录表_整理版.xlsx,original valid rows,high_uncertainty,core-calibrated,,,,,,,,,,
air,Gyroid,6.0,0.3,1.0,2.595103360467214,2.595103360467214,18,0.02269002272162731,-0.0007210548426313647,0.0433356654799562,K weak; fixed at CFD K0,试验记录表_整理版.xlsx,original valid rows,approved,core-calibrated,,,,,,,,,,
air,Gyroid,6.0,0.4,1.0,2.6654645622107345,2.6654645622107345,17,0.04178464555419526,-0.0030737633845400116,0.04916951861596378,K weak; fixed at CFD K0,试验记录表_整理版.xlsx,original valid rows,approved,core-calibrated,,,,,,,,,,
air,Gyroid,6.0,0.5,1.0,2.7426283331795624,2.7426283331795624,16,0.04074546545832269,-0.0030254108021112724,0.05656730328258312,K weak; fixed at CFD K0,试验记录表_整理版.xlsx,original valid rows,approved,core-calibrated,,,,,,,,,,
air,Gyroid,8.0,0.3,1.0,1.433170781897824,1.433170781897824,20,0.03118736400729998,-0.0012711844601908662,0.03036108608503059,K weak; fixed at CFD K0,试验记录表_整理版.xlsx,L8 Re>=1600,approved,core-calibrated,,,,,,,,,,
air,Gyroid,8.0,0.4,1.0,1.4103961069169382,1.4103961069169382,19,0.04275653322758876,-0.0007388661316045244,0.03616522935014801,K weak; fixed at CFD K0,试验记录表_整理版.xlsx,L8 Re>=1600,approved,core-calibrated,,,,,,,,,,
air,Gyroid,8.0,0.5,1.0,1.3503861318521013,1.3503861318521013,18,0.028657315356033473,-0.000754480764256154,0.04238100655533891,K weak; fixed at CFD K0,试验记录表_整理版.xlsx,L8 Re>=1600,approved,core-calibrated,,,,,,,,,,
sco2,Diamond,7.0,0.6,1.0,6.313005350332494,6.313005350332494,51,0.060609677503862806,-0.0036957691415136396,0.001992233515541392,K unidentifiable; fixed at CFD K0,sCO2-Experient.xlsx,hot side & ok_dp,approved,HX-effective,,,,,,,,,,
sco2,Gyroid,7.0,0.6,1.0,7.608907691857889,7.608907691857889,44,0.03863861799833819,-0.0015058906697128101,0.0018289086773573637,K unidentifiable; fixed at CFD K0,sCO2-Experient.xlsx,hot side & ok_dp,approved,HX-effective,,,,,,,,,,
water,Diamond,7.0,0.6,1.0,4.892779870412083,4.892779870412083,9,0.06838926916238654,-0.005897821557135635,0.057342340162101685,K fixed at production CFD K0,7-6-Water-dp.xlsx,exclude dp_nonphysical and duplicate_row; fit only 0.1<=u<=0.254055 m/s,approved,HX-effective,18.0,2.0,7.0,工况10:duplicate_row;工况11:duplicate_row,工况1;工况2;工况3;工况4;工况5;工况6;工况7,0.000594,0.182,0.1,0.25405479940574704,water-air-hx-7-6
water,Gyroid,7.0,0.6,1.0,4.198913430360186,4.198913430360186,11,0.009341008837567524,1.7283590882468467e-05,0.0859345423083763,K fixed at production CFD K0,7-6-Water-dp.xlsx,exclude dp_nonphysical and duplicate_row; fit only 0.1<=u<=0.223217 m/s,approved,HX-effective,16.0,1.0,4.0,工况1:dp_nonphysical,工况2;工况3;工况4;工况5,0.00065,0.182,0.1,0.2232167044622796,water-air-hx-7-6
air,Diamond,7.0,0.6,1.0,1.8024228153853061,1.8024228153853061,15,0.03709788655342852,-0.0043919640919972466,0.032319531984113206,K fixed at production CFD K0,matched D/G-7-6 water+air HX workbooks,exclude dp_floor and duplicate_row; require 7.6566<=u<=22.7599 m/s,approved,HX-effective,18.0,3.0,,工况1:dp_floor;工况10:duplicate_row;工况11:duplicate_row,,0.000594,0.182,7.656604926203154,22.759887982116293,water-air-hx-7-6
air,Gyroid,7.0,0.6,1.0,2.0119682018983225,2.0119682018983225,15,0.03277277195357685,0.00043705731867513806,0.024815020726484546,K fixed at production CFD K0,matched D/G-7-6 water+air HX workbooks,exclude dp_floor and duplicate_row; require 7.52306<=u<=24.5414 m/s,approved,HX-effective,16.0,1.0,,工况1:dp_floor,,0.00065,0.182,7.5230599026715375,24.54137550823153,water-air-hx-7-6
