variant,topo,mdot,Re_ref,dp_meas,dp_pred_med,ape,lo68,hi68,lo95,hi95,in68,in95,choked_frac,n_loo,gamma_total_med
per_topo,Diamond,0.00432,916.7976264300595,4474.303777708397,4705.963149895986,0.051775512727085714,4587.578672471871,4824.64934914908,4468.803264699527,4988.822641755822,False,True,0.0,14,2.323877526077519
per_topo,Diamond,0.0064800000000000005,1365.6343461013616,9832.287713091027,9619.400929486015,0.02165180574624233,9317.829967796344,9921.936303974057,8997.863338895391,10283.806234319814,True,True,0.0,14,2.311219825208881
per_topo,Diamond,0.00864,1815.5714407967805,16583.617047509455,15722.110447082217,0.05194925799113406,15243.803608526507,16186.28509590853,14699.58029860029,16762.79652016256,False,True,0.0,14,2.305245151574324
per_topo,Diamond,0.0108,2266.732921935153,23832.051932155973,22855.47967688874,0.040977262807554156,22063.901653691737,23643.610429102617,21383.2545019899,24547.49589207438,False,True,0.0,14,2.3071245155320677
per_topo,Diamond,0.012960000000000001,2708.187048280329,31678.89630549519,30795.397792535936,0.027889182263145858,29782.549030139133,31949.99756837815,28613.99542957558,33249.27215586506,True,True,0.0,14,2.3090789501462456
per_topo,Diamond,0.01512,3153.7640748957333,39742.18268604903,39373.66726634975,0.009272651746645088,37794.42704236229,40800.628738254054,36378.64383139438,42454.69790463161,True,True,0.0,14,2.3112232392041197
per_topo,Diamond,0.01728,3608.8047922956894,47690.350562222426,48320.02330938565,0.013203357487206574,46421.29576570941,50357.604934262075,44477.60169965416,52587.250916240286,True,True,0.0,14,2.3144911308956444
per_topo,Diamond,0.01944,4037.7532420233974,56502.55689158302,57761.54812134407,0.022282022248600174,55424.894008120544,60236.116963529144,53126.66111260874,62727.53785412444,True,True,0.0,14,2.3153703970415602
per_topo,Diamond,0.025920000000000002,5376.63108142294,81883.26089065683,86853.34377367154,0.06069717826274077,83101.39365940948,90534.81955530762,79676.47692492306,95128.52086843929,False,True,0.0,14,2.319291733020194
per_topo,Diamond,0.028079999999999997,5805.114393549947,90676.31743421053,96713.84643083188,0.06658330606557579,92961.36612491652,100838.47012218519,88496.53586261632,105419.36380443178,False,True,0.0,14,2.320336948614277
per_topo,Diamond,0.03024,6259.46463853593,99710.73078793773,104759.89043063759,0.05063807679274043,100422.11441268015,109421.5936258839,95731.62203692234,115357.37713331758,False,True,0.0,14,2.3180529812088806
per_topo,Diamond,0.032400000000000005,6740.392670147788,108443.83606959078,113006.85058704834,0.04207721418605455,108152.57976305626,118256.55677779319,103460.33290332933,124510.71119549735,True,True,0.0,14,2.317564662829027
per_topo,Diamond,0.03456,7221.7597013040995,116867.33055618104,119379.24935164941,0.02149376377054177,113937.5093107408,124840.94449863906,108142.65272968212,129986.42178027196,True,True,0.0,14,2.3141301178659335
per_topo,Diamond,0.03672,7714.110678153627,124996.79376083189,126434.10228838847,0.011498763162731358,120759.76125989249,132361.85142576235,114726.61180035773,138824.17249623613,True,True,0.0,14,2.312603545910051
per_topo,Diamond,0.03888,8196.014122824838,133780.381930981,132163.38939724042,0.012086918204306027,126275.33664571677,138272.8400252324,120651.63418872954,145045.18214433224,True,True,0.0,14,2.3088078939359464
per_topo,Gyroid,0.004553830392670158,881.4033657889896,3924.818677589801,4051.5862794349523,0.03229897028593384,3856.0853360439073,4255.683977434963,3657.7317700296944,4465.889432890044,True,True,0.0,14,2.4809301017813943
per_topo,Gyroid,0.006830745589005235,1317.8227464653103,8209.55638630965,8543.20707759836,0.04064174427805973,8127.344769816086,9021.433761162049,7724.288917706657,9530.771646437064,True,True,0.0,14,2.478220161495339
per_topo,Gyroid,0.009107660785340315,1727.6149083465832,13787.235496365782,14781.61764928011,0.07212338928833413,14064.555384367563,15611.654852208723,13319.609477084963,16578.53444885354,False,True,0.0,14,2.4823234610763882
per_topo,Gyroid,0.01366149117801047,2582.1960689994617,27921.858939620543,30187.419502725003,0.0811393169775554,28471.208768226756,32147.378484209486,26778.65954324441,34472.3571906084,False,True,0.0,14,2.480871037095492
per_topo,Gyroid,0.01821532157068063,3442.3565124922648,46042.5305387308,47523.213535644834,0.03215902730777332,44409.06034804873,50808.5474958493,41624.69097348321,55224.65832265607,True,True,0.0,14,2.4714600974331686
per_topo,Gyroid,0.02049223676701571,3843.187231836563,56046.62363444229,57373.17574585009,0.02366872481133003,53633.37629840865,61387.437412178,50250.76124612341,65993.13988168059,True,True,0.0,14,2.466404352867057
per_topo,Gyroid,0.022769151963350782,4271.345629767583,62309.807799404334,70593.60392504328,0.13294530055857653,66209.04179430673,75584.45260503894,61720.26326845114,81805.5655753792,False,True,0.0,14,2.4811609908449506
per_topo,Gyroid,0.02504606715968586,4748.848474728925,73641.04089177358,78268.37801578172,0.06283638943681832,72788.54124474975,84329.38762766625,67304.07506986742,91146.0809936529,True,True,0.0,14,2.470207011795278
per_topo,Gyroid,0.02732298235602094,5222.185771720302,83789.60198831873,86860.58461262092,0.03665111841359896,80288.6365544267,93416.81824567435,74655.73599540153,103081.54629296101,True,True,0.0,14,2.466540252893042
per_topo,Gyroid,0.02959989755235602,5708.604734182183,93533.85065304069,95563.69707758212,0.02170173055390453,88598.17597616892,103514.16485340416,81715.7143556017,113757.18949516304,True,True,0.0,14,2.4638420938638355
per_topo,Gyroid,0.0318768127486911,6196.634763762618,102535.5673580965,105175.58871979886,0.025747371665505354,97354.58338161587,114306.62477124609,90020.39019235066,125407.92923992015,True,True,0.0,14,2.4633703483513356
per_topo,Gyroid,0.03415372794502618,6587.0557508762495,116322.75383314301,112450.48550285982,0.03328900152963787,105588.9753305368,121585.85422608782,97443.53520928975,132596.13137970542,True,True,0.0,14,2.4542185177341462
per_topo,Gyroid,0.03643064314136126,7188.11783023648,119786.0396792155,127323.35693355161,0.06292316929853338,117302.86552031565,138558.3957793875,107348.82189959455,152788.19173815264,True,True,0.0,14,2.4672882434692207
per_topo,Gyroid,0.03870755833769634,7703.348326420853,129523.40487451319,135645.12429934758,0.04726342262825258,125000.87725130844,148827.34308142163,114694.65514343543,162306.13197846804,True,True,0.0,14,2.4628109602312853
per_topo,Gyroid,0.04098447353403142,8234.92604082161,140774.7644628099,140608.80471234513,0.0011789027038905944,130780.08997827672,152878.50407025026,121204.72667749382,168331.9671849614,True,True,0.0010000000000000009,14,2.4578606557512592
pooled,Diamond,0.00432,916.7976264300595,4474.303777708397,4974.024058754825,0.11168671281018146,4654.636733793108,5333.404272807706,4326.5349158529525,5770.6672420571285,False,True,0.0,29,2.4823431443822175
pooled,Diamond,0.0064800000000000005,1365.6343461013616,9832.287713091027,10233.698237642006,0.04082575045241273,9492.731692608371,11056.797164357122,8770.301982138131,12025.393766088413,True,True,0.0,29,2.4746023630259097
pooled,Diamond,0.00864,1815.5714407967805,16583.617047509455,16777.517380506564,0.01169228235562937,15494.56512089212,18283.341772221735,14321.732808677336,19882.187535920515,True,True,0.0,29,2.4707074227847796
pooled,Diamond,0.0108,2266.732921935153,23832.051932155973,24590.489428079425,0.03182426331071022,22630.28577443022,26751.59779892236,20583.486112974904,29223.167570358437,True,True,0.0,29,2.4718671883884973
pooled,Diamond,0.012960000000000001,2708.187048280329,31678.89630549519,33219.74018923779,0.04863944339737989,30487.583383486664,36406.87501128924,27838.075549610156,39972.50447035038,True,True,0.0,29,2.472586163181883
pooled,Diamond,0.01512,3153.7640748957333,39742.18268604903,42381.83309850835,0.06641936184813356,38669.64190339289,46464.08617447947,35355.20456107092,51367.37014944516,True,True,0.0,29,2.4732657648658485
pooled,Diamond,0.01728,3608.8047922956894,47690.350562222426,52165.25122495383,0.09383241284613585,47585.73554822212,57332.630684059455,43350.54396015881,63433.64621745761,True,True,0.0,29,2.4757729032183216
pooled,Diamond,0.01944,4037.7532420233974,56502.55689158302,62462.61515659249,0.10548298330012944,56937.5844786477,68995.30307568831,52047.38619049693,76898.3162193461,False,True,0.0,29,2.476943161430426
pooled,Diamond,0.025920000000000002,5376.63108142294,81883.26089065683,95171.83646245506,0.16228683893699813,85544.53176468491,105487.67340946046,77063.58100976968,117849.39820215177,False,True,0.0,29,2.478423908668585
pooled,Diamond,0.028079999999999997,5805.114393549947,90676.31743421053,105426.32039278462,0.16266654156170193,94054.31035500503,117118.88952540826,85124.25373355721,131765.13725264414,False,True,0.0,29,2.4780845191270893
pooled,Diamond,0.03024,6259.46463853593,99710.73078793773,115388.24133053985,0.15722992318594728,103630.54091698736,128216.17799150269,93353.01268405521,145426.81443700142,False,True,0.0,29,2.476743205943513
pooled,Diamond,0.032400000000000005,6740.392670147788,108443.83606959078,122918.49072058024,0.1334760478382632,110715.26756893718,138693.33381641004,100373.09141933054,158064.99520718402,False,True,0.0,29,2.4776649140932943
pooled,Diamond,0.03456,7221.7597013040995,116867.33055618104,130677.20439341821,0.11816710257276239,117274.89002123353,147243.08160762108,105284.53018521628,169023.01482997357,False,True,0.0,29,2.477188280432811
pooled,Diamond,0.03672,7714.110678153627,124996.79376083189,138642.12336141657,0.10916543688867388,124527.62167878795,154751.30401920562,111991.12386441929,177590.19139376897,True,True,0.0,29,2.4754326371984883
pooled,Diamond,0.03888,8196.014122824838,133780.381930981,144939.95430850328,0.08341710657755214,129957.27374403008,163570.41559564063,116387.29579050494,185954.7849295586,True,True,0.0,29,2.4707337603491855
pooled,Gyroid,0.004553830392670158,881.4033657889896,3924.818677589801,3820.9550884445707,0.026463283447532973,3546.266702332759,4116.100754637265,3285.230922237096,4458.597152095882,True,True,0.0,29,2.313612880492701
pooled,Gyroid,0.006830745589005235,1317.8227464653103,8209.55638630965,8005.374779244696,0.024871210752075507,7431.793647658133,8615.086080825446,6910.880405361784,9359.638744561784,True,True,0.0,29,2.313191899454459
pooled,Gyroid,0.009107660785340315,1727.6149083465832,13787.235496365782,13742.641315728557,0.003234454118737545,12667.639935044052,14943.185460976681,11786.780556655522,16240.674963041563,True,True,0.0,29,2.3140572557466212
pooled,Gyroid,0.01366149117801047,2582.1960689994617,27921.858939620543,28082.61420919207,0.005757326900015929,25673.32444420332,30614.5169960405,23516.579073263703,33435.4138520098,True,True,0.0,29,2.3117926331261893
pooled,Gyroid,0.01821532157068063,3442.3565124922648,46042.5305387308,44078.55888133434,0.04265559764888196,40252.86000786082,48673.32959912615,36872.26184376251,53847.8673169492,True,True,0.0,29,2.3091595525811495
pooled,Gyroid,0.02049223676701571,3843.187231836563,56046.62363444229,52771.28860764704,0.05843947082625793,48062.76648825244,58087.49207029246,44027.53079689294,64231.266982072484,True,True,0.0,29,2.3090816757327692
pooled,Gyroid,0.022769151963350782,4271.345629767583,62309.807799404334,64565.801425232785,0.036206075825032755,57841.4527172042,71761.696812426,52532.35992813325,80777.01858551582,True,True,0.0,29,2.3171411013124272
pooled,Gyroid,0.02504606715968586,4748.848474728925,73641.04089177358,71492.2996138082,0.0291785837346226,64879.15865503746,79252.19090765974,59194.0448485849,88528.24206502202,True,True,0.0,29,2.308789229006249
pooled,Gyroid,0.02732298235602094,5222.185771720302,83789.60198831873,79248.40831247515,0.05419758022572626,71214.36583955845,87426.76935189942,64850.328855421234,96730.28754105566,True,True,0.0,29,2.306422645007306
pooled,Gyroid,0.02959989755235602,5708.604734182183,93533.85065304069,87555.74395955686,0.06391383067996773,78796.43117424799,97114.07520113746,71057.05626750195,110014.82471234132,True,True,0.0,29,2.3053633728674905
pooled,Gyroid,0.0318768127486911,6196.634763762618,102535.5673580965,96337.23048584198,0.06045060296596754,86733.58454996784,107691.78723313705,78159.18063892229,121005.43861661234,True,True,0.0,29,2.3055754546060054
pooled,Gyroid,0.03415372794502618,6587.0557508762495,116322.75383314301,102835.60759740433,0.1159458987283353,92765.56202826086,114528.22381511511,84024.7455472185,128318.2588548472,False,True,0.0,29,2.2993754338708534
pooled,Gyroid,0.03643064314136126,7188.11783023648,119786.0396792155,115269.07887069289,0.03770857456026539,103151.83993019047,129742.09298463346,92796.84189044239,150159.3077636737,True,True,0.0,29,2.307272023386342
pooled,Gyroid,0.03870755833769634,7703.348326420853,129523.40487451319,123120.08053274946,0.049437585029265506,109736.93023080405,137874.73138482656,99815.97460577184,156718.39673681176,True,True,0.0,29,2.30605168051945
pooled,Gyroid,0.04098447353403142,8234.92604082161,140774.7644628099,127843.45139178218,0.09185817586250648,114854.63616609683,143418.29009311224,104054.30337666233,162258.22656069137,True,True,0.0,29,2.3039108574862635
