x0,x1,x2,x3,x4,x5,x6,x7,x8,x9,x10,x11,x12,x13,x14,x15,x16,x17,x18,x19,x20,x21,x22,x23,x24,x25,x26,x27,x28,x29,x30,x31,x32,x33,x34,x35,Q_W_per_m,dP_Pa
4.361005e+00,6.324442e+00,5.630975e+00,7.962620e+00,7.825293e+00,6.537581e+00,6.137730e+00,4.726377e+00,6.975150e+00,6.116473e+00,5.873611e+00,6.460706e+00,6.552135e+00,7.811444e+00,5.258112e+00,7.555044e+00,7.797137e+00,5.951609e+00,4.844094e-01,4.124142e-01,4.721179e-01,3.688652e-01,4.471300e-01,4.318277e-01,4.128284e-01,3.188519e-01,4.688181e-01,4.530909e-01,4.060697e-01,3.101284e-01,3.879368e-01,3.507684e-01,4.906779e-01,3.921750e-01,3.981536e-01,4.371390e-01,1.301199e+04,7.899672e+03
7.147443e+00,5.137918e+00,6.194694e+00,4.138197e+00,5.668082e+00,5.021543e+00,4.082941e+00,7.608957e+00,4.334283e+00,5.162212e+00,6.673804e+00,4.861199e+00,5.705826e+00,5.364811e+00,7.853350e+00,5.900671e+00,5.537317e+00,6.242740e+00,3.767317e-01,3.914868e-01,3.308318e-01,4.486411e-01,3.731088e-01,3.815756e-01,3.077538e-01,4.738199e-01,3.449077e-01,3.731315e-01,3.983406e-01,4.315497e-01,4.759880e-01,4.719129e-01,3.551036e-01,4.295308e-01,4.638552e-01,3.877702e-01,1.337406e+04,9.341007e+03
6.239088e+00,7.066077e+00,4.006157e+00,6.175685e+00,4.738896e+00,4.044201e+00,7.847302e+00,6.366068e+00,5.037314e+00,4.256057e+00,7.533193e+00,5.810715e+00,7.090411e+00,6.768014e+00,6.334397e+00,6.537716e+00,4.059389e+00,4.519288e+00,3.247648e-01,4.838296e-01,4.084207e-01,4.951016e-01,4.566700e-01,4.869999e-01,4.742793e-01,4.389354e-01,4.021791e-01,3.232864e-01,4.608800e-01,4.973807e-01,3.419480e-01,3.248832e-01,4.442426e-01,4.992205e-01,4.108510e-01,3.333371e-01,1.286157e+04,9.948936e+03
5.269056e+00,4.377600e+00,7.569388e+00,5.976426e+00,6.771138e+00,7.528528e+00,5.931902e+00,5.498564e+00,7.647423e+00,7.460380e+00,4.982999e+00,7.398625e+00,4.182809e+00,4.336951e+00,4.804652e+00,4.879433e+00,6.291635e+00,7.286264e+00,4.137172e-01,3.138330e-01,3.890570e-01,3.248960e-01,3.322708e-01,3.371453e-01,3.551408e-01,3.933912e-01,3.778536e-01,4.028353e-01,3.435851e-01,3.689006e-01,4.285068e-01,4.024845e-01,3.079847e-01,3.368891e-01,3.265543e-01,4.917811e-01,1.344960e+04,9.371484e+03
5.680170e+00,7.571781e+00,6.724506e+00,5.401190e+00,6.078438e+00,6.134041e+00,7.073636e+00,6.772840e+00,5.857213e+00,5.885504e+00,7.037506e+00,7.919590e+00,7.808673e+00,5.984904e+00,4.341903e+00,4.169092e+00,6.882049e+00,7.802604e+00,3.414766e-01,4.402710e-01,4.987045e-01,3.753509e-01,4.768049e-01,3.129037e-01,3.774447e-01,4.231002e-01,4.252908e-01,3.905498e-01,4.328093e-01,3.328490e-01,3.174561e-01,3.987192e-01,3.414174e-01,4.558230e-01,4.795571e-01,3.581445e-01,1.333727e+04,8.720293e+03
6.842951e+00,4.883301e+00,5.160795e+00,6.702072e+00,4.423180e+00,5.680873e+00,5.143067e+00,5.905512e+00,7.465861e+00,6.839476e+00,4.477547e+00,5.261430e+00,4.964548e+00,7.433538e+00,6.812016e+00,6.264842e+00,4.641865e+00,4.003172e+00,4.462257e-01,3.573899e-01,3.042446e-01,4.047545e-01,3.027610e-01,4.627553e-01,4.958200e-01,3.717203e-01,3.509348e-01,4.855719e-01,3.655095e-01,4.114231e-01,4.059222e-01,4.770871e-01,4.059407e-01,3.181742e-01,3.576530e-01,4.169860e-01,1.333030e+04,9.423407e+03
7.809596e+00,6.818436e+00,7.099322e+00,4.734920e+00,5.478434e+00,4.627424e+00,6.911916e+00,4.131312e+00,6.169377e+00,7.745814e+00,5.368189e+00,4.316674e+00,6.333873e+00,4.964920e+00,7.250221e+00,5.175681e+00,5.136368e+00,6.726987e+00,4.552205e-01,4.680746e-01,4.319316e-01,4.515065e-01,4.176434e-01,3.682775e-01,3.346477e-01,3.409371e-01,4.957126e-01,4.358336e-01,4.780005e-01,4.705829e-01,3.651570e-01,3.261665e-01,3.950794e-01,3.605939e-01,3.168582e-01,4.619586e-01,1.344598e+04,1.007984e+04
4.713221e+00,5.631909e+00,4.536099e+00,7.410844e+00,7.008722e+00,7.173889e+00,4.871254e+00,7.013838e+00,4.529001e+00,4.541903e+00,6.178149e+00,6.971051e+00,5.424088e+00,6.397858e+00,5.845349e+00,7.267521e+00,7.404118e+00,5.467335e+00,3.566973e-01,3.358251e-01,3.655463e-01,3.308919e-01,3.932206e-01,4.185143e-01,4.420838e-01,4.892409e-01,3.218203e-01,3.403888e-01,3.202755e-01,3.990614e-01,4.520820e-01,4.480762e-01,4.587238e-01,4.232183e-01,4.449551e-01,3.129872e-01,1.335287e+04,8.547288e+03
4.847511e+00,7.352180e+00,7.480847e+00,6.829168e+00,5.899168e+00,7.791822e+00,7.396055e+00,6.579038e+00,5.534421e+00,7.118936e+00,6.466227e+00,6.089383e+00,4.702476e+00,4.507400e+00,6.015764e+00,4.419381e+00,4.288920e+00,7.169791e+00,3.300200e-01,4.963182e-01,4.771406e-01,4.145016e-01,4.040088e-01,3.054213e-01,4.857287e-01,3.038356e-01,3.321640e-01,4.930613e-01,3.598869e-01,4.561462e-01,3.076396e-01,4.146382e-01,4.772335e-01,4.700379e-01,4.540727e-01,4.676642e-01,1.323388e+04,9.355964e+03
7.629433e+00,4.165654e+00,4.919070e+00,5.005050e+00,7.618879e+00,4.276031e+00,5.324616e+00,5.711618e+00,7.144519e+00,4.164628e+00,5.017581e+00,4.747658e+00,7.539990e+00,6.075104e+00,4.611079e+00,6.015041e+00,6.048493e+00,4.901610e+00,4.314965e-01,3.013185e-01,3.199342e-01,3.913359e-01,3.788278e-01,4.548083e-01,3.908106e-01,4.521146e-01,4.564651e-01,3.823768e-01,4.425886e-01,3.775668e-01,4.187859e-01,3.111665e-01,3.627041e-01,3.074745e-01,3.821547e-01,3.072664e-01,1.335774e+04,9.580581e+03
6.725227e+00,6.100780e+00,6.855664e+00,7.057918e+00,6.532256e+00,5.283120e+00,6.620260e+00,4.439433e+00,6.472196e+00,5.258535e+00,4.126969e+00,5.674225e+00,5.162733e+00,5.542033e+00,5.076196e+00,5.425482e+00,7.542293e+00,6.359800e+00,4.670574e-01,4.249242e-01,4.407889e-01,3.398948e-01,4.890493e-01,3.508335e-01,4.271602e-01,4.352535e-01,3.905980e-01,3.321442e-01,3.051223e-01,3.434038e-01,3.601379e-01,4.606409e-01,4.362667e-01,3.651290e-01,3.417719e-01,3.654247e-01,1.333050e+04,9.733731e+03
5.751899e+00,5.412301e+00,5.294376e+00,4.858842e+00,4.937515e+00,6.767207e+00,4.658944e+00,7.321929e+00,4.831318e+00,6.462781e+00,7.325615e+00,7.019979e+00,6.063497e+00,7.094183e+00,7.546496e+00,7.017232e+00,5.809800e+00,5.568897e+00,3.718061e-01,3.789997e-01,3.617580e-01,4.667716e-01,3.126845e-01,4.013885e-01,3.463029e-01,3.838007e-01,4.145329e-01,4.431994e-01,4.973959e-01,4.149246e-01,4.728191e-01,3.636031e-01,3.226162e-01,4.026679e-01,4.198522e-01,4.097148e-01,1.318227e+04,8.144567e+03
5.166062e+00,6.606551e+00,4.390234e+00,4.268040e+00,4.130817e+00,7.380779e+00,6.331913e+00,4.906507e+00,6.664534e+00,4.879208e+00,4.630438e+00,7.533131e+00,5.943496e+00,6.697214e+00,7.068794e+00,7.804722e+00,5.391272e+00,5.084422e+00,4.995627e-01,4.555860e-01,4.505049e-01,4.334736e-01,4.712811e-01,4.490524e-01,3.241733e-01,4.010521e-01,3.635815e-01,3.555111e-01,3.770436e-01,4.758815e-01,3.867691e-01,4.344578e-01,3.279574e-01,3.837219e-01,3.728554e-01,3.402140e-01,1.258420e+04,8.540491e+03
6.325547e+00,5.918073e+00,7.952004e+00,7.568617e+00,6.348575e+00,4.927362e+00,4.384790e+00,7.789178e+00,4.024140e+00,7.833073e+00,7.823224e+00,5.132753e+00,6.782736e+00,4.127478e+00,5.538983e+00,5.650504e+00,7.131697e+00,6.844303e+00,3.885149e-01,3.483396e-01,3.465701e-01,3.599599e-01,3.460777e-01,3.985309e-01,4.058297e-01,3.554838e-01,4.375470e-01,4.698325e-01,4.193159e-01,3.544562e-01,4.991116e-01,3.382217e-01,4.135257e-01,4.461875e-01,4.885735e-01,4.848891e-01,1.372125e+04,1.006715e+04
7.296342e+00,7.846225e+00,5.765418e+00,5.617335e+00,7.308885e+00,5.889479e+00,7.684857e+00,6.048182e+00,5.352310e+00,6.739472e+00,6.963867e+00,4.195321e+00,4.421714e+00,7.724041e+00,4.023758e+00,6.787883e+00,6.652578e+00,4.386475e+00,3.099886e-01,4.277611e-01,4.173268e-01,3.088135e-01,4.374247e-01,4.946535e-01,3.637003e-01,3.317870e-01,3.091743e-01,4.197005e-01,3.318006e-01,3.136345e-01,3.329555e-01,4.900187e-01,3.870885e-01,4.764237e-01,4.351574e-01,4.424655e-01,1.348202e+04,8.997312e+03
4.195451e+00,4.659700e+00,6.326700e+00,6.293076e+00,5.216097e+00,6.436185e+00,5.598313e+00,5.180708e+00,7.960939e+00,5.535546e+00,5.521080e+00,6.607541e+00,7.320752e+00,5.169986e+00,6.618931e+00,4.629755e+00,4.885068e+00,7.684702e+00,4.023106e-01,3.698769e-01,3.852196e-01,4.852568e-01,3.610368e-01,3.453123e-01,4.562929e-01,4.866815e-01,4.834572e-01,3.057376e-01,4.645041e-01,4.421122e-01,4.467843e-01,3.873503e-01,4.733404e-01,3.389824e-01,3.008747e-01,3.824528e-01,1.309129e+04,8.606489e+03
4.010937e+00,7.944291e+00,4.804099e+00,4.537265e+00,6.913446e+00,4.773939e+00,4.248789e+00,6.129465e+00,7.083156e+00,6.940730e+00,5.744574e+00,7.856664e+00,5.272405e+00,5.795518e+00,4.725372e+00,7.666469e+00,4.192939e+00,6.390150e+00,3.134935e-01,4.031848e-01,3.181989e-01,4.568020e-01,3.540930e-01,3.913086e-01,3.040498e-01,3.496593e-01,4.928500e-01,3.121258e-01,4.494484e-01,3.595892e-01,3.208669e-01,3.004773e-01,4.860004e-01,4.603256e-01,3.092502e-01,3.041089e-01,1.363418e+04,9.481096e+03
7.480847e+00,4.507770e+00,7.365380e+00,7.361398e+00,4.568704e+00,7.290005e+00,6.038227e+00,5.012510e+00,5.724508e+00,5.767642e+00,6.801863e+00,5.448380e+00,6.485687e+00,7.349518e+00,6.132191e+00,5.758187e+00,6.456921e+00,5.681037e+00,4.245903e-01,3.991520e-01,4.847231e-01,3.365839e-01,4.288907e-01,4.406497e-01,4.223887e-01,4.951551e-01,3.185183e-01,4.139955e-01,3.542478e-01,4.818935e-01,4.089637e-01,4.222038e-01,3.723072e-01,3.226586e-01,4.310848e-01,4.707621e-01,1.308669e+04,8.698929e+03
6.388958e+00,6.696682e+00,5.428917e+00,5.324673e+00,5.530177e+00,6.269267e+00,5.766023e+00,4.771024e+00,4.896113e+00,4.674048e+00,7.911251e+00,4.379723e+00,4.874052e+00,4.751974e+00,7.680564e+00,6.676473e+00,7.946312e+00,7.080265e+00,4.773319e-01,4.755774e-01,3.513785e-01,3.821641e-01,3.389862e-01,3.400347e-01,3.580788e-01,4.175030e-01,4.343912e-01,4.638666e-01,4.917083e-01,4.469401e-01,3.746430e-01,3.747989e-01,4.270649e-01,3.560943e-01,4.965523e-01,4.002937e-01,1.329739e+04,9.347666e+03
5.102642e+00,5.758208e+00,6.990686e+00,6.523733e+00,7.999889e+00,5.784967e+00,7.946835e+00,7.904154e+00,6.286488e+00,7.597075e+00,4.603963e+00,6.783979e+00,7.899054e+00,6.321772e+00,5.212399e+00,4.772101e+00,5.718228e+00,4.848463e+00,3.849612e-01,3.205222e-01,4.460780e-01,4.119523e-01,4.626003e-01,4.905562e-01,4.654788e-01,3.626810e-01,3.604746e-01,3.623555e-01,3.119329e-01,3.191458e-01,4.611560e-01,4.525687e-01,3.126881e-01,4.187369e-01,3.683860e-01,3.747590e-01,1.344333e+04,8.498596e+03
5.940333e+00,6.190729e+00,7.832639e+00,6.098880e+00,7.181724e+00,4.429421e+00,5.055344e+00,4.363520e+00,4.217172e+00,5.061325e+00,7.408731e+00,6.272778e+00,4.030790e+00,7.969717e+00,5.672434e+00,4.061576e+00,5.112193e+00,4.363453e+00,4.565239e-01,4.441299e-01,3.416609e-01,4.881946e-01,3.211969e-01,4.600798e-01,4.924973e-01,4.454109e-01,4.113771e-01,4.496793e-01,4.136265e-01,3.833835e-01,3.971756e-01,3.486203e-01,3.367383e-01,3.997817e-01,4.153340e-01,4.755099e-01,1.333139e+04,1.028824e+04
6.536830e+00,5.252253e+00,4.271349e+00,5.798318e+00,5.338935e+00,7.882624e+00,7.220014e+00,7.496474e+00,6.608039e+00,6.233971e+00,4.107302e+00,4.923151e+00,7.242316e+00,5.417505e+00,7.204134e+00,6.403416e+00,7.348207e+00,7.565242e+00,3.549987e-01,3.519714e-01,4.612613e-01,3.175921e-01,4.960147e-01,3.095248e-01,3.874111e-01,3.972548e-01,3.874910e-01,3.265428e-01,3.838561e-01,4.610838e-01,4.856876e-01,4.271859e-01,4.231427e-01,4.371558e-01,3.497996e-01,3.495793e-01,1.288904e+04,8.397386e+03
7.569942e+00,7.450063e+00,6.457822e+00,7.764768e+00,4.253591e+00,6.934095e+00,4.959008e+00,6.723799e+00,7.780129e+00,7.327869e+00,5.247944e+00,5.998766e+00,5.615666e+00,6.949604e+00,6.733094e+00,5.033014e+00,6.873499e+00,5.165644e+00,3.467786e-01,4.725184e-01,3.780140e-01,3.636620e-01,3.874878e-01,4.086170e-01,4.446221e-01,3.155013e-01,4.658580e-01,3.763069e-01,4.713650e-01,4.210219e-01,3.448125e-01,3.758593e-01,3.779002e-01,4.916108e-01,3.780333e-01,3.793130e-01,1.340283e+04,9.099201e+03
4.907040e+00,4.013540e+00,5.896045e+00,4.089012e+00,6.221350e+00,5.387664e+00,6.765508e+00,5.606897e+00,5.420019e+00,4.405163e+00,6.299373e+00,7.336553e+00,6.642425e+00,4.381955e+00,4.139811e+00,7.378764e+00,4.601579e+00,6.905747e+00,4.420787e-01,3.298198e-01,4.194420e-01,4.430536e-01,4.111211e-01,3.592300e-01,3.254718e-01,4.668313e-01,3.415080e-01,4.998144e-01,3.261603e-01,3.488177e-01,4.316917e-01,4.983832e-01,4.634257e-01,3.292610e-01,4.624971e-01,4.455703e-01,1.289886e+04,9.882611e+03
4.524665e+00,6.971128e+00,6.090916e+00,5.670413e+00,4.862276e+00,5.519696e+00,5.474869e+00,4.050486e+00,4.391190e+00,7.950929e+00,6.087436e+00,7.720205e+00,7.481225e+00,6.523334e+00,7.998710e+00,4.311865e+00,7.705138e+00,4.730640e+00,4.711982e-01,4.880675e-01,3.325977e-01,3.016556e-01,3.971168e-01,4.707604e-01,3.945282e-01,3.276181e-01,3.061653e-01,3.464352e-01,3.907483e-01,4.058016e-01,3.781185e-01,4.647310e-01,4.944280e-01,3.761060e-01,4.400494e-01,3.971433e-01,1.330542e+04,9.512672e+03
7.998114e+00,5.534606e+00,5.527692e+00,6.494851e+00,6.644518e+00,6.035522e+00,7.312147e+00,7.183531e+00,6.781585e+00,4.777947e+00,5.397350e+00,5.069703e+00,4.261112e+00,4.090451e+00,5.405484e+00,6.153615e+00,5.941885e+00,7.463679e+00,3.664979e-01,3.080092e-01,4.644561e-01,4.784960e-01,4.230740e-01,3.205235e-01,4.761486e-01,4.789240e-01,4.801063e-01,4.289080e-01,4.109764e-01,3.281066e-01,4.892128e-01,3.610738e-01,3.580297e-01,4.385656e-01,3.245044e-01,4.277552e-01,1.337903e+04,9.613574e+03
6.902563e+00,7.732408e+00,7.716097e+00,4.442259e+00,7.698487e+00,7.030342e+00,4.508720e+00,6.908841e+00,7.578294e+00,5.684293e+00,4.256738e+00,4.008370e+00,6.880068e+00,7.558097e+00,4.906799e+00,5.282815e+00,4.467390e+00,5.798456e+00,3.317248e-01,4.156962e-01,3.993692e-01,4.277400e-01,3.067049e-01,4.230092e-01,3.433816e-01,4.083461e-01,3.728284e-01,4.791665e-01,3.484426e-01,3.931595e-01,3.302841e-01,4.109177e-01,4.409609e-01,4.840365e-01,3.523506e-01,4.948906e-01,1.362108e+04,9.751112e+03
5.620520e+00,4.793932e+00,4.152386e+00,7.641502e+00,5.791276e+00,4.546289e+00,6.704138e+00,5.791971e+00,5.219665e+00,6.607335e+00,7.196824e+00,6.670469e+00,5.846278e+00,5.109400e+00,6.438557e+00,7.128475e+00,6.196203e+00,6.007309e+00,4.301991e-01,3.866665e-01,4.031500e-01,3.546107e-01,4.822841e-01,3.731576e-01,4.359377e-01,3.601163e-01,4.471356e-01,3.962712e-01,4.532394e-01,4.653643e-01,4.430173e-01,3.133266e-01,3.054415e-01,3.466013e-01,4.868066e-01,3.301896e-01,1.280212e+04,8.128669e+03
5.453691e+00,7.226399e+00,5.061410e+00,7.232333e+00,5.109082e+00,5.182689e+00,4.281411e+00,6.440547e+00,7.277163e+00,4.047140e+00,4.751416e+00,6.151456e+00,6.224305e+00,4.712423e+00,6.915010e+00,7.916148e+00,6.599109e+00,6.522963e+00,3.017531e-01,4.600283e-01,3.090866e-01,3.455376e-01,3.268181e-01,3.770868e-01,4.091478e-01,4.304016e-01,3.997472e-01,4.089734e-01,3.703688e-01,4.262214e-01,3.040374e-01,4.847551e-01,3.451564e-01,4.655443e-01,3.337549e-01,4.200762e-01,1.349987e+04,9.597077e+03
6.054460e+00,4.287925e+00,6.624641e+00,4.931466e+00,7.389371e+00,6.636133e+00,6.493947e+00,5.323501e+00,5.917065e+00,7.219831e+00,7.701267e+00,4.559610e+00,5.002039e+00,6.143550e+00,4.446666e+00,5.508020e+00,4.862358e+00,5.282600e+00,4.093819e-01,3.423327e-01,4.879666e-01,4.720178e-01,4.527957e-01,4.269415e-01,3.142176e-01,3.755548e-01,4.240239e-01,3.164643e-01,4.251667e-01,3.039210e-01,4.163281e-01,3.879247e-01,4.088558e-01,3.029871e-01,4.055974e-01,3.549917e-01,1.312169e+04,8.875138e+03
7.083910e+00,6.476830e+00,4.686227e+00,6.882534e+00,6.459029e+00,7.672041e+00,5.701662e+00,4.580121e+00,4.714268e+00,6.313669e+00,6.591910e+00,5.612276e+00,7.636986e+00,5.739365e+00,5.991068e+00,6.926640e+00,5.353428e+00,7.947453e+00,4.886959e-01,4.316185e-01,3.727824e-01,4.217487e-01,3.676085e-01,3.291340e-01,4.537530e-01,3.118126e-01,3.292526e-01,3.666222e-01,3.126822e-01,3.638773e-01,3.500622e-01,4.401336e-01,3.917874e-01,3.696256e-01,4.714525e-01,3.223168e-01,1.333186e+04,8.313333e+03
4.424547e+00,5.040309e+00,7.249945e+00,5.206595e+00,4.053770e+00,4.125363e+00,7.522854e+00,7.713220e+00,6.105146e+00,5.391039e+00,5.892058e+00,7.207906e+00,4.605350e+00,7.185943e+00,7.397707e+00,4.522422e+00,7.124611e+00,4.246900e+00,3.997922e-01,3.644569e-01,4.297370e-01,3.981981e-01,4.432073e-01,4.793862e-01,3.728839e-01,4.572356e-01,4.532120e-01,4.587210e-01,4.829083e-01,4.916740e-01,4.639427e-01,3.372356e-01,4.561703e-01,4.071584e-01,3.932967e-01,4.525452e-01,1.295452e+04,1.024508e+04
4.489874e+00,7.054553e+00,6.753315e+00,4.015403e+00,7.090647e+00,4.584643e+00,5.860076e+00,7.217930e+00,5.634963e+00,6.145018e+00,4.389515e+00,5.234341e+00,7.605408e+00,4.638843e+00,6.668731e+00,7.942711e+00,7.273892e+00,5.819279e+00,4.389710e-01,3.904375e-01,4.125927e-01,4.158789e-01,4.848304e-01,3.317728e-01,4.478459e-01,3.297877e-01,4.900183e-01,4.033486e-01,4.370542e-01,4.232529e-01,4.667744e-01,4.689871e-01,3.320442e-01,3.730008e-01,4.279097e-01,3.758191e-01,1.336044e+04,9.845167e+03
7.018499e+00,4.491075e+00,5.314601e+00,7.839841e+00,5.435389e+00,7.100434e+00,7.915347e+00,4.085404e+00,7.057556e+00,5.067511e+00,7.064174e+00,7.572183e+00,4.636998e+00,6.192715e+00,4.200551e+00,5.600841e+00,5.013693e+00,6.109449e+00,3.498968e-01,4.072114e-01,3.837128e-01,3.892219e-01,3.104092e-01,4.816305e-01,3.286911e-01,4.753812e-01,3.143194e-01,3.204290e-01,3.666297e-01,3.447980e-01,3.536750e-01,3.536927e-01,4.215736e-01,4.103749e-01,3.122302e-01,4.491129e-01,1.314263e+04,8.781626e+03
6.110206e+00,6.304991e+00,7.378133e+00,5.849222e+00,4.474038e+00,6.091392e+00,4.154411e+00,5.826404e+00,6.322799e+00,4.473665e+00,6.204782e+00,6.505952e+00,6.002051e+00,5.658896e+00,5.737204e+00,6.964438e+00,4.520399e+00,4.651625e+00,3.518423e-01,3.182987e-01,4.551475e-01,3.420301e-01,4.189913e-01,3.869450e-01,4.892774e-01,4.123777e-01,4.327313e-01,3.706663e-01,4.791143e-01,3.855985e-01,4.127136e-01,4.058101e-01,3.794556e-01,4.683948e-01,3.656012e-01,4.782661e-01,1.365182e+04,1.011968e+04
5.397986e+00,5.243466e+00,4.939907e+00,6.048465e+00,6.004327e+00,5.607305e+00,6.070292e+00,6.943732e+00,4.994416e+00,7.301112e+00,5.280123e+00,4.156269e+00,5.224363e+00,7.228327e+00,7.144041e+00,4.618658e+00,6.752509e+00,7.419563e+00,4.596912e-01,4.856130e-01,3.481928e-01,4.653668e-01,3.949488e-01,4.372002e-01,3.841834e-01,3.574581e-01,3.566663e-01,4.532120e-01,3.245147e-01,4.570435e-01,3.012043e-01,3.215591e-01,4.681062e-01,3.060451e-01,4.999231e-01,3.468720e-01,1.280844e+04,7.878661e+03
5.559038e+00,6.799221e+00,5.844359e+00,6.574882e+00,6.814061e+00,4.243733e+00,4.928565e+00,5.296407e+00,6.501431e+00,5.853496e+00,6.709134e+00,4.646108e+00,6.846289e+00,6.562795e+00,7.744698e+00,4.328297e+00,6.420914e+00,7.934930e+00,3.820261e-01,3.622480e-01,4.390823e-01,4.343886e-01,4.394829e-01,4.129464e-01,3.612936e-01,4.277856e-01,4.089361e-01,3.409021e-01,4.010496e-01,4.462850e-01,4.403793e-01,4.804021e-01,4.813196e-01,4.874973e-01,3.467251e-01,4.038363e-01,1.330272e+04,9.259479e+03
6.964006e+00,5.737694e+00,6.283066e+00,5.274014e+00,4.656850e+00,7.697150e+00,6.858638e+00,6.413910e+00,4.173540e+00,6.930316e+00,5.774708e+00,6.050293e+00,5.880124e+00,4.010951e+00,5.151401e+00,6.236549e+00,4.181118e+00,4.136459e+00,4.802810e-01,4.416654e-01,3.572238e-01,3.581161e-01,3.650821e-01,3.627125e-01,4.687132e-01,3.795318e-01,3.829015e-01,4.329762e-01,3.964451e-01,3.247384e-01,3.268650e-01,3.954027e-01,3.707514e-01,3.498302e-01,4.186040e-01,3.712651e-01,1.326432e+04,9.917908e+03
7.930711e+00,7.560508e+00,4.469543e+00,7.288033e+00,5.742316e+00,6.736986e+00,5.086379e+00,7.686099e+00,5.439267e+00,7.523979e+00,4.884070e+00,7.121529e+00,7.261169e+00,7.606278e+00,4.660828e+00,5.327082e+00,5.659729e+00,6.594653e+00,4.213132e-01,3.336053e-01,4.785604e-01,3.106298e-01,4.549437e-01,4.683202e-01,3.008206e-01,3.081297e-01,4.638075e-01,4.831066e-01,4.589789e-01,3.589287e-01,4.926304e-01,4.451427e-01,4.286345e-01,3.789197e-01,4.590317e-01,3.014016e-01,1.316339e+04,9.080471e+03
4.592149e+00,4.997028e+00,7.907762e+00,4.612093e+00,7.774557e+00,5.190280e+00,7.126544e+00,4.553520e+00,7.860401e+00,4.697097e+00,7.568495e+00,5.713315e+00,4.481236e+00,5.038757e+00,6.192546e+00,7.231423e+00,7.927623e+00,5.334040e+00,3.167841e-01,4.640450e-01,3.247797e-01,4.843632e-01,3.309209e-01,3.184716e-01,4.191764e-01,4.595574e-01,3.380904e-01,3.906709e-01,3.385586e-01,4.874792e-01,3.807548e-01,3.291016e-01,3.173827e-01,4.415624e-01,3.809127e-01,4.735183e-01,1.318982e+04,8.544138e+03
4.976391e+00,6.018829e+00,4.102632e+00,5.132254e+00,5.134233e+00,5.837908e+00,4.601752e+00,5.101597e+00,6.827642e+00,7.151310e+00,7.794089e+00,5.347363e+00,5.642429e+00,7.929032e+00,5.926444e+00,4.078588e+00,4.765538e+00,7.036493e+00,3.965018e-01,3.057888e-01,4.366595e-01,3.741987e-01,4.671118e-01,4.053908e-01,4.507269e-01,3.460249e-01,3.015750e-01,4.379998e-01,3.781700e-01,3.678974e-01,4.345241e-01,3.078454e-01,3.498491e-01,4.884188e-01,3.212314e-01,3.188291e-01,1.302002e+04,8.420671e+03
7.500500e+00,5.455349e+00,7.539413e+00,6.956387e+00,7.351991e+00,6.353947e+00,6.673672e+00,6.219071e+00,4.499279e+00,4.073910e+00,4.721007e+00,7.943048e+00,6.615716e+00,5.496276e+00,7.458219e+00,6.486747e+00,6.525009e+00,4.769272e+00,4.919724e-01,4.981000e-01,3.670592e-01,4.442333e-01,3.407254e-01,3.548388e-01,3.698531e-01,4.974285e-01,4.776645e-01,3.365621e-01,4.235670e-01,4.894419e-01,3.484261e-01,4.179608e-01,4.104235e-01,3.258615e-01,4.431272e-01,4.560816e-01,1.314796e+04,8.870436e+03
6.596356e+00,7.278155e+00,5.727814e+00,4.981636e+00,6.297656e+00,7.329335e+00,5.381453e+00,7.993275e+00,5.139867e+00,5.480003e+00,5.611615e+00,6.885118e+00,4.242366e+00,6.902150e+00,6.979064e+00,5.076884e+00,7.003407e+00,6.493091e+00,4.064334e-01,3.779489e-01,4.940560e-01,4.995307e-01,4.259674e-01,4.508029e-01,4.121777e-01,4.149363e-01,3.694100e-01,3.864057e-01,3.360580e-01,4.302606e-01,4.820754e-01,3.665305e-01,3.902304e-01,3.967482e-01,4.839242e-01,4.228386e-01,1.316566e+04,8.880641e+03
5.880841e+00,4.216629e+00,6.164107e+00,7.180697e+00,4.204868e+00,4.845008e+00,7.343250e+00,4.860603e+00,7.562480e+00,6.307465e+00,6.934696e+00,4.293217e+00,7.030794e+00,4.453821e+00,4.385824e+00,7.481133e+00,5.270568e+00,5.701227e+00,3.046880e-01,4.197259e-01,3.026280e-01,3.195350e-01,3.507655e-01,3.014190e-01,3.172401e-01,3.666089e-01,4.450844e-01,4.882508e-01,4.656362e-01,3.017064e-01,3.943448e-01,4.577120e-01,4.514883e-01,4.342811e-01,3.558188e-01,3.522782e-01,1.325490e+04,1.007147e+04
5.044948e+00,7.772452e+00,7.010631e+00,7.691428e+00,4.894775e+00,5.489494e+00,5.670288e+00,7.399067e+00,5.942161e+00,4.851030e+00,5.115106e+00,4.775243e+00,4.899103e+00,5.868368e+00,4.971649e+00,7.692392e+00,5.930276e+00,5.217717e+00,4.270324e-01,3.461152e-01,4.101213e-01,3.802190e-01,4.093622e-01,3.491195e-01,3.403461e-01,4.494918e-01,3.955475e-01,3.005380e-01,3.579732e-01,3.875658e-01,4.585204e-01,3.411537e-01,4.991104e-01,3.528411e-01,4.026204e-01,4.984270e-01,1.376615e+04,1.017679e+04
6.446621e+00,4.710928e+00,4.573858e+00,4.390867e+00,6.614486e+00,6.942663e+00,7.616915e+00,4.266571e+00,7.363306e+00,7.927896e+00,6.432328e+00,6.437272e+00,7.874055e+00,7.299127e+00,6.378307e+00,5.850672e+00,7.670809e+00,6.976637e+00,3.348810e-01,4.515579e-01,3.935972e-01,4.006138e-01,3.829959e-01,4.984638e-01,4.329224e-01,3.945474e-01,4.211914e-01,4.241185e-01,4.375502e-01,4.660198e-01,3.712262e-01,4.315274e-01,3.595870e-01,4.153006e-01,3.369274e-01,3.267019e-01,1.275089e+04,7.671011e+03
7.417476e+00,6.524836e+00,6.635447e+00,6.420267e+00,7.544462e+00,7.998065e+00,4.313437e+00,5.509464e+00,6.004385e+00,6.521497e+00,7.291690e+00,7.484581e+00,5.485690e+00,4.833667e+00,7.934426e+00,6.714607e+00,6.175836e+00,4.253188e+00,3.633799e-01,3.747365e-01,4.706920e-01,4.556196e-01,4.993225e-01,3.947207e-01,3.975492e-01,3.177194e-01,3.254436e-01,4.738614e-01,3.000897e-01,4.002164e-01,4.123821e-01,3.840308e-01,4.393929e-01,4.573045e-01,3.899291e-01,3.944298e-01,1.336793e+04,7.853580e+03
4.074397e+00,5.961358e+00,5.199162e+00,5.744511e+00,5.949720e+00,4.451600e+00,6.399486e+00,6.626884e+00,4.676507e+00,5.694692e+00,4.224468e+00,5.834150e+00,6.272454e+00,6.280118e+00,5.466068e+00,4.868977e+00,4.408679e+00,7.552376e+00,4.743054e-01,4.291509e-01,3.259925e-01,3.260452e-01,3.241398e-01,4.452452e-01,4.791862e-01,4.632400e-01,4.515514e-01,3.507006e-01,4.954886e-01,3.287660e-01,3.235039e-01,4.933368e-01,3.007485e-01,3.198694e-01,4.742340e-01,4.305176e-01,1.312981e+04,9.528665e+03
4.139869e+00,6.684639e+00,7.673946e+00,7.484697e+00,6.178304e+00,6.851885e+00,7.753405e+00,5.684039e+00,4.306246e+00,6.781700e+00,4.010005e+00,4.583058e+00,4.320786e+00,6.654647e+00,7.314752e+00,7.835440e+00,4.732064e+00,6.256836e+00,3.599023e-01,3.939055e-01,3.711749e-01,3.037180e-01,3.171741e-01,4.912414e-01,3.316244e-01,3.012266e-01,4.734083e-01,3.564238e-01,4.186591e-01,4.730085e-01,4.494206e-01,4.188782e-01,3.398497e-01,4.794817e-01,4.670303e-01,4.592032e-01,1.353189e+04,1.028929e+04
7.351966e+00,5.871166e+00,4.237661e+00,4.660580e+00,4.335516e+00,5.336060e+00,5.963486e+00,6.550941e+00,6.884136e+00,5.985519e+00,7.442706e+00,6.237367e+00,7.421733e+00,4.208130e+00,5.784991e+00,5.739660e+00,6.995914e+00,5.548715e+00,4.520050e-01,4.021834e-01,4.251097e-01,4.770671e-01,4.908089e-01,3.407169e-01,4.390562e-01,4.560970e-01,3.473494e-01,4.674549e-01,3.857633e-01,3.952378e-01,3.363731e-01,3.038014e-01,4.012480e-01,3.418329e-01,3.951736e-01,3.156938e-01,1.287611e+04,9.212184e+03
6.260017e+00,7.924321e+00,6.049128e+00,6.650436e+00,5.264823e+00,4.347098e+00,6.232264e+00,7.294316e+00,7.743289e+00,4.579113e+00,6.333313e+00,7.184457e+00,5.782754e+00,7.674571e+00,4.277756e+00,6.822014e+00,7.469933e+00,7.213572e+00,4.492840e-01,3.223522e-01,3.106026e-01,4.291902e-01,3.758840e-01,4.399676e-01,3.804778e-01,4.315639e-01,4.055974e-01,4.171947e-01,4.732788e-01,3.352539e-01,4.956925e-01,4.554945e-01,3.997613e-01,3.869384e-01,3.293392e-01,3.616391e-01,1.373169e+04,9.921565e+03
5.231514e+00,4.612800e+00,5.612354e+00,5.451360e+00,7.232582e+00,7.831151e+00,4.050971e+00,4.411362e+00,5.072156e+00,7.625354e+00,5.150613e+00,5.526364e+00,6.943530e+00,5.243871e+00,6.873012e+00,4.730144e+00,5.241473e+00,4.980777e+00,3.384074e-01,4.799983e-01,4.927097e-01,3.525208e-01,4.007033e-01,3.906233e-01,4.988454e-01,3.861172e-01,3.799047e-01,3.065832e-01,3.311987e-01,4.075834e-01,3.841312e-01,3.718745e-01,4.602808e-01,4.495627e-01,4.074803e-01,4.134425e-01,1.266458e+04,8.072000e+03
5.819260e+00,7.430330e+00,4.704973e+00,5.925034e+00,7.917842e+00,6.444752e+00,6.942455e+00,7.825046e+00,7.424668e+00,5.216738e+00,6.830831e+00,5.046293e+00,5.063517e+00,4.578348e+00,6.269637e+00,4.439478e+00,5.588689e+00,4.496763e+00,4.169449e-01,3.534091e-01,3.945391e-01,3.473300e-01,3.592999e-01,3.601104e-01,4.712410e-01,4.032287e-01,4.294904e-01,4.938827e-01,4.451908e-01,4.965279e-01,4.699860e-01,4.301194e-01,4.891205e-01,3.681258e-01,3.607275e-01,3.360437e-01,1.330907e+04,8.832270e+03
6.657944e+00,4.118807e+00,7.141265e+00,6.225611e+00,5.573100e+00,5.991309e+00,4.778281e+00,4.941917e+00,5.752074e+00,6.012385e+00,5.653989e+00,7.634255e+00,6.162768e+00,6.026618e+00,4.864751e+00,6.093820e+00,7.824843e+00,7.697560e+00,3.215232e-01,4.489397e-01,4.017454e-01,4.710513e-01,4.329124e-01,4.094943e-01,3.521222e-01,3.519463e-01,3.537671e-01,3.798952e-01,3.531157e-01,3.743001e-01,3.565235e-01,3.456852e-01,3.504212e-01,4.054816e-01,4.762872e-01,4.890258e-01,1.298000e+04,8.149214e+03
7.690995e+00,6.178938e+00,5.079789e+00,4.212294e+00,4.517969e+00,4.949540e+00,7.042697e+00,5.216603e+00,4.611711e+00,7.418486e+00,4.513351e+00,6.693879e+00,4.540024e+00,5.621716e+00,5.322485e+00,5.465596e+00,6.334249e+00,5.032341e+00,3.797155e-01,3.257438e-01,3.371409e-01,4.226877e-01,3.494059e-01,3.086475e-01,4.158461e-01,3.358118e-01,4.995215e-01,3.297419e-01,4.905819e-01,3.092688e-01,4.223988e-01,4.950682e-01,4.489356e-01,4.732668e-01,4.484205e-01,4.335956e-01,1.365838e+04,1.133102e+04
4.785904e+00,5.365462e+00,6.516570e+00,7.888036e+00,6.987680e+00,7.496219e+00,5.236693e+00,6.083558e+00,6.190093e+00,4.372901e+00,7.940192e+00,4.094320e+00,7.702495e+00,7.054538e+00,7.792616e+00,7.123848e+00,4.062712e+00,6.773436e+00,4.814121e-01,4.703437e-01,4.661720e-01,3.964272e-01,4.742021e-01,4.591995e-01,3.107885e-01,4.840179e-01,3.234808e-01,4.441368e-01,3.076819e-01,4.369438e-01,3.104713e-01,3.791758e-01,3.095527e-01,3.109354e-01,3.139788e-01,3.912648e-01,1.276300e+04,7.334956e+03
4.653608e+00,7.649938e+00,5.461318e+00,6.368149e+00,4.096876e+00,7.598619e+00,6.527324e+00,7.511066e+00,7.246256e+00,7.795881e+00,7.665801e+00,4.962193e+00,6.424114e+00,5.913220e+00,4.088028e+00,4.189769e+00,7.244371e+00,4.598326e+00,4.053085e-01,3.098408e-01,3.796154e-01,4.612551e-01,3.347948e-01,3.707177e-01,3.669273e-01,3.229258e-01,3.349956e-01,3.975172e-01,3.722700e-01,3.174570e-01,4.547191e-01,3.581464e-01,3.295266e-01,3.577191e-01,3.854278e-01,4.397040e-01,1.368831e+04,8.927414e+03
7.869245e+00,4.836462e+00,6.899536e+00,5.543726e+00,6.377165e+00,4.082553e+00,4.689566e+00,4.627968e+00,5.575111e+00,4.999655e+00,4.850273e+00,6.374345e+00,5.333915e+00,7.480808e+00,6.558345e+00,6.344017e+00,5.480768e+00,7.330373e+00,3.070047e-01,4.924838e-01,4.240754e-01,3.312958e-01,4.603952e-01,4.205662e-01,4.595150e-01,4.711071e-01,4.606639e-01,4.771396e-01,4.301933e-01,4.396870e-01,3.685754e-01,4.676599e-01,4.182198e-01,4.201848e-01,4.509949e-01,3.851656e-01,1.289860e+04,9.620980e+03
6.773634e+00,6.896585e+00,4.836135e+00,7.518203e+00,7.463422e+00,5.109150e+00,7.489567e+00,5.400639e+00,4.809151e+00,5.593309e+00,5.990881e+00,7.297510e+00,7.964590e+00,4.886453e+00,7.003930e+00,5.215399e+00,4.990877e+00,5.930778e+00,3.917567e-01,3.814154e-01,3.401389e-01,3.874735e-01,3.690052e-01,3.229665e-01,3.209563e-01,4.411604e-01,3.922577e-01,4.272732e-01,3.177022e-01,4.797215e-01,4.025055e-01,3.166476e-01,3.824081e-01,4.524235e-01,4.227345e-01,3.437023e-01,1.364598e+04,9.056998e+03
5.749403e+00,5.585063e+00,7.274843e+00,4.318944e+00,5.058163e+00,6.593451e+00,5.293669e+00,6.267685e+00,6.387030e+00,6.639474e+00,6.556409e+00,5.897198e+00,4.808699e+00,6.438238e+00,5.599231e+00,7.373557e+00,6.719584e+00,6.140624e+00,4.963345e-01,4.146964e-01,4.565241e-01,4.074718e-01,4.449844e-01,4.732003e-01,4.026052e-01,3.898052e-01,4.183411e-01,3.472892e-01,4.848037e-01,3.520501e-01,3.148205e-01,4.075951e-01,4.717849e-01,3.149822e-01,3.383037e-01,4.813518e-01,1.302164e+04,8.837465e+03
5.332637e+00,6.402539e+00,6.433201e+00,4.808184e+00,5.873505e+00,7.198997e+00,7.716388e+00,5.996067e+00,4.116634e+00,4.206536e+00,5.485581e+00,5.409315e+00,7.182852e+00,7.852793e+00,5.012152e+00,7.585121e+00,6.075497e+00,6.655274e+00,3.748755e-01,3.382553e-01,3.562026e-01,4.923807e-01,3.895185e-01,4.771418e-01,4.303717e-01,4.194589e-01,3.660225e-01,4.599670e-01,3.896346e-01,3.380047e-01,4.256759e-01,3.912443e-01,4.787893e-01,4.964313e-01,4.915506e-01,3.681375e-01,1.353276e+04,9.885557e+03
6.175593e+00,5.091018e+00,5.994975e+00,7.109066e+00,7.655747e+00,4.745794e+00,5.504348e+00,6.862938e+00,6.694998e+00,7.002076e+00,6.060875e+00,7.755120e+00,4.090438e+00,5.283422e+00,7.607344e+00,5.989491e+00,4.339103e+00,5.415903e+00,4.639985e-01,4.578582e-01,4.474887e-01,3.127694e-01,4.150961e-01,3.268866e-01,3.495344e-01,3.739883e-01,4.421364e-01,3.645953e-01,4.067372e-01,4.157762e-01,3.383358e-01,4.814370e-01,3.673849e-01,3.338680e-01,3.696829e-01,4.069533e-01,1.283237e+04,8.206869e+03
7.204981e+00,7.144166e+00,7.808386e+00,5.079879e+00,6.695071e+00,5.688464e+00,6.300043e+00,7.104420e+00,7.929530e+00,6.408238e+00,7.170237e+00,6.823045e+00,6.705853e+00,6.818222e+00,6.080397e+00,6.572183e+00,5.814312e+00,7.815134e+00,4.347126e-01,3.658992e-01,3.136495e-01,3.684572e-01,3.049297e-01,4.291889e-01,4.824966e-01,3.383773e-01,3.112247e-01,3.148295e-01,3.441977e-01,4.507508e-01,4.796016e-01,3.343036e-01,4.315721e-01,3.887387e-01,3.042422e-01,4.641269e-01,1.374112e+04,8.758817e+03
4.303431e+00,4.330692e+00,4.369670e+00,6.755803e+00,4.787859e+00,6.234894e+00,4.479347e+00,4.221375e+00,5.256917e+00,5.362637e+00,4.344943e+00,4.481268e+00,5.552177e+00,4.264283e+00,4.550572e+00,4.980463e+00,7.585609e+00,4.113590e+00,3.268148e-01,4.364267e-01,4.830133e-01,4.388889e-01,4.808854e-01,3.793312e-01,3.875951e-01,4.931740e-01,4.868747e-01,4.098273e-01,4.521191e-01,3.784268e-01,3.907693e-01,4.430640e-01,3.210466e-01,4.262776e-01,4.323759e-01,3.107548e-01,1.219252e+04,1.044647e+04
4.262019e+00,7.509024e+00,7.979242e+00,5.504520e+00,5.401119e+00,7.426961e+00,4.969188e+00,4.381544e+00,4.953124e+00,6.267416e+00,7.358712e+00,6.628089e+00,7.979694e+00,5.279975e+00,6.422643e+00,5.916262e+00,4.663735e+00,4.921981e+00,4.122589e-01,3.487662e-01,3.231621e-01,4.675356e-01,4.387262e-01,4.885681e-01,3.576492e-01,4.261225e-01,3.003492e-01,4.124842e-01,4.478651e-01,3.361150e-01,3.198646e-01,4.079604e-01,4.301220e-01,4.431040e-01,3.998488e-01,3.867021e-01,1.375779e+04,1.062331e+04
7.229609e+00,4.945546e+00,4.417960e+00,6.328714e+00,7.120831e+00,4.880134e+00,6.806235e+00,7.264581e+00,6.374253e+00,5.438032e+00,4.156466e+00,4.036335e+00,4.762276e+00,7.833779e+00,4.954421e+00,7.508134e+00,6.923679e+00,7.131813e+00,3.012109e-01,4.535712e-01,4.801655e-01,3.375644e-01,3.627627e-01,3.387027e-01,4.627354e-01,3.806271e-01,4.758772e-01,3.137382e-01,3.557636e-01,4.083459e-01,4.067433e-01,3.177975e-01,3.156964e-01,3.805514e-01,4.654802e-01,4.384146e-01,1.266292e+04,7.934317e+03
6.133997e+00,6.756526e+00,6.354424e+00,4.358396e+00,6.034209e+00,5.935593e+00,5.014499e+00,6.523096e+00,7.014923e+00,4.094370e+00,5.047107e+00,5.104274e+00,6.377696e+00,4.298983e+00,5.483320e+00,4.926282e+00,7.417229e+00,5.607091e+00,3.969035e-01,3.709141e-01,3.587313e-01,3.936929e-01,4.541381e-01,4.427630e-01,3.052313e-01,3.067167e-01,3.708442e-01,3.638686e-01,4.933036e-01,4.737587e-01,3.721302e-01,4.664613e-01,4.830029e-01,3.483129e-01,4.121557e-01,4.842556e-01,1.346245e+04,1.098951e+04
5.357813e+00,5.695002e+00,5.792654e+00,7.557396e+00,4.439467e+00,6.389132e+00,7.210204e+00,5.656233e+00,5.687029e+00,7.173815e+00,6.499355e+00,7.700057e+00,5.349016e+00,6.868482e+00,7.890082e+00,6.522064e+00,5.184863e+00,6.339155e+00,4.892254e-01,4.251849e-01,4.375625e-01,4.137032e-01,3.285527e-01,3.925154e-01,4.243818e-01,4.615383e-01,4.466895e-01,4.622530e-01,3.103803e-01,3.960867e-01,4.606415e-01,3.577322e-01,3.692608e-01,4.858411e-01,3.277888e-01,3.406552e-01,1.304154e+04,7.938843e+03
5.692975e+00,6.262237e+00,4.884052e+00,7.070101e+00,4.632769e+00,7.775440e+00,5.787219e+00,6.115354e+00,7.817120e+00,5.730777e+00,5.554358e+00,7.243423e+00,6.720957e+00,7.453920e+00,7.475207e+00,6.311751e+00,5.516454e+00,6.823932e+00,3.677146e-01,3.015758e-01,3.497981e-01,4.860515e-01,4.871497e-01,3.573394e-01,4.457060e-01,3.288080e-01,3.939315e-01,3.499309e-01,4.152295e-01,3.068574e-01,3.997868e-01,4.410888e-01,3.809466e-01,3.044057e-01,4.810357e-01,4.086912e-01,1.337642e+04,8.609733e+03
6.783979e+00,5.200711e+00,7.445341e+00,4.769479e+00,6.850528e+00,4.291475e+00,7.999984e+00,5.248300e+00,5.488742e+00,6.559627e+00,6.992933e+00,5.593135e+00,5.505754e+00,5.902022e+00,5.881860e+00,4.153501e+00,7.756514e+00,5.122401e+00,4.691910e-01,4.945246e-01,4.535301e-01,3.064525e-01,3.111662e-01,4.075778e-01,3.273672e-01,4.769653e-01,4.197951e-01,4.261908e-01,3.823081e-01,4.346311e-01,4.862991e-01,3.315440e-01,4.664233e-01,4.668607e-01,3.591042e-01,3.662561e-01,1.298078e+04,8.435738e+03
7.813368e+00,7.003010e+00,5.258868e+00,6.794521e+00,7.810837e+00,5.266806e+00,4.196009e+00,4.975626e+00,4.128919e+00,7.903472e+00,7.852322e+00,4.516284e+00,7.136432e+00,6.496373e+00,4.430416e+00,7.283173e+00,6.277639e+00,7.646508e+00,4.289707e-01,3.802093e-01,3.821932e-01,3.622865e-01,4.213593e-01,3.113452e-01,4.921653e-01,4.102812e-01,3.272680e-01,4.764281e-01,4.697988e-01,4.942030e-01,3.457176e-01,4.841478e-01,3.337301e-01,4.119898e-01,3.187274e-01,3.111256e-01,1.351873e+04,9.978292e+03
4.663770e+00,4.439530e+00,6.820644e+00,5.118826e+00,5.718048e+00,6.782475e+00,6.016914e+00,7.858732e+00,6.551517e+00,4.824683e+00,4.663747e+00,6.178413e+00,4.105537e+00,4.928905e+00,6.962051e+00,5.128833e+00,4.010009e+00,4.407120e+00,3.337194e-01,4.221298e-01,4.141004e-01,4.327057e-01,3.957546e-01,4.611892e-01,3.847653e-01,3.589501e-01,4.527654e-01,3.997944e-01,3.276962e-01,3.718766e-01,4.338139e-01,3.931707e-01,4.200856e-01,3.745592e-01,4.467968e-01,4.640034e-01,1.275309e+04,8.705948e+03
7.121876e+00,7.136696e+00,6.990001e+00,8.000000e+00,7.295142e+00,7.969140e+00,6.542057e+00,5.783780e+00,7.035602e+00,8.000000e+00,8.000000e+00,7.892343e+00,7.802283e+00,5.893771e+00,6.212399e+00,8.000000e+00,8.000000e+00,5.597244e+00,3.000000e-01,3.000650e-01,3.667736e-01,3.000000e-01,3.052707e-01,3.000000e-01,3.408154e-01,3.210035e-01,3.628590e-01,3.000000e-01,3.000000e-01,3.000000e-01,4.531496e-01,3.000000e-01,3.000000e-01,5.000000e-01,3.354221e-01,4.358389e-01,1.397592e+04,6.959349e+03
6.390182e+00,5.501245e+00,5.513773e+00,8.000000e+00,7.654089e+00,7.466497e+00,6.341092e+00,6.690279e+00,7.072623e+00,8.000000e+00,7.798938e+00,7.728160e+00,7.303144e+00,6.411091e+00,7.478044e+00,8.000000e+00,7.536244e+00,6.839714e+00,4.087806e-01,4.091074e-01,3.695125e-01,3.478635e-01,3.000000e-01,3.043922e-01,3.767759e-01,3.087420e-01,3.848891e-01,3.104575e-01,3.000000e-01,3.620379e-01,4.618293e-01,3.159633e-01,3.000000e-01,4.125894e-01,3.647907e-01,3.592385e-01,1.330905e+04,6.128880e+03
7.747590e+00,7.540143e+00,8.000000e+00,8.000000e+00,5.598641e+00,8.000000e+00,7.597898e+00,5.080396e+00,6.912152e+00,8.000000e+00,8.000000e+00,8.000000e+00,8.000000e+00,5.875330e+00,6.073146e+00,8.000000e+00,8.000000e+00,5.944738e+00,3.000000e-01,3.000000e-01,3.892290e-01,3.000000e-01,3.846455e-01,3.000000e-01,3.000000e-01,3.755627e-01,3.602597e-01,3.000000e-01,3.000000e-01,3.000000e-01,4.173310e-01,3.000000e-01,3.000000e-01,5.000000e-01,3.037129e-01,5.000000e-01,1.405578e+04,7.894172e+03
7.762252e+00,7.913733e+00,8.000000e+00,7.948374e+00,4.993564e+00,8.000000e+00,7.632411e+00,4.000000e+00,4.775767e+00,8.000000e+00,8.000000e+00,5.885077e+00,8.000000e+00,4.335492e+00,4.214733e+00,8.000000e+00,7.731741e+00,6.782035e+00,3.000000e-01,3.000000e-01,3.850111e-01,3.000000e-01,3.774864e-01,3.000000e-01,3.000000e-01,5.000000e-01,3.612691e-01,3.000000e-01,3.000000e-01,3.000000e-01,3.568410e-01,3.000000e-01,3.000000e-01,5.000000e-01,3.176385e-01,5.000000e-01,1.423667e+04,1.051230e+04
5.046824e+00,7.459659e+00,7.086460e+00,7.675192e+00,5.098409e+00,4.755171e+00,5.101147e+00,4.003365e+00,7.448956e+00,5.278699e+00,5.418550e+00,6.075956e+00,4.510496e+00,5.762385e+00,5.156146e+00,4.948494e+00,5.670150e+00,6.152981e+00,3.451419e-01,3.341464e-01,4.115262e-01,3.340816e-01,3.191672e-01,3.424238e-01,5.000000e-01,3.435977e-01,5.000000e-01,3.112111e-01,3.748963e-01,3.694856e-01,5.000000e-01,3.665146e-01,3.902519e-01,4.720458e-01,3.422360e-01,5.000000e-01,1.385301e+04,1.024001e+04
6.570769e+00,8.000000e+00,7.714303e+00,8.000000e+00,6.075261e+00,8.000000e+00,7.087073e+00,4.332801e+00,6.322550e+00,8.000000e+00,8.000000e+00,7.787320e+00,8.000000e+00,5.378825e+00,4.000000e+00,8.000000e+00,8.000000e+00,6.447320e+00,3.000000e-01,3.000000e-01,3.830810e-01,3.000000e-01,3.000000e-01,3.000000e-01,4.387506e-01,4.086282e-01,4.158989e-01,3.000000e-01,3.000000e-01,3.000000e-01,4.536947e-01,3.000000e-01,3.000000e-01,5.000000e-01,3.349441e-01,5.000000e-01,1.413711e+04,8.641151e+03
6.050372e+00,6.343905e+00,5.476493e+00,8.000000e+00,8.000000e+00,8.000000e+00,6.677863e+00,6.517007e+00,6.909152e+00,8.000000e+00,8.000000e+00,8.000000e+00,8.000000e+00,6.246159e+00,7.279665e+00,8.000000e+00,8.000000e+00,6.253178e+00,3.000000e-01,3.569972e-01,3.000000e-01,3.000000e-01,3.000000e-01,3.000000e-01,3.337424e-01,3.000000e-01,3.625640e-01,3.106692e-01,3.000000e-01,3.000000e-01,5.000000e-01,3.000000e-01,3.000000e-01,4.895951e-01,3.413564e-01,3.655611e-01,1.372907e+04,6.102713e+03
6.888710e+00,8.000000e+00,6.740675e+00,8.000000e+00,5.020746e+00,8.000000e+00,4.000000e+00,4.000000e+00,6.085744e+00,8.000000e+00,8.000000e+00,4.000000e+00,8.000000e+00,5.020879e+00,4.212032e+00,8.000000e+00,7.076484e+00,5.742436e+00,3.000000e-01,3.000000e-01,3.000000e-01,3.000000e-01,3.000000e-01,3.000000e-01,3.000000e-01,5.000000e-01,3.000000e-01,3.000000e-01,3.000000e-01,3.000000e-01,5.000000e-01,3.000000e-01,3.000000e-01,5.000000e-01,4.619225e-01,5.000000e-01,1.425882e+04,1.040485e+04
5.661210e+00,5.833710e+00,6.583207e+00,4.553121e+00,7.767003e+00,5.500472e+00,4.567062e+00,6.277245e+00,6.542197e+00,5.450569e+00,4.573584e+00,4.238456e+00,4.986775e+00,7.081566e+00,5.398114e+00,4.978671e+00,7.142385e+00,7.474097e+00,4.434993e-01,4.495681e-01,4.639613e-01,3.925581e-01,4.827630e-01,4.573467e-01,4.012342e-01,3.362178e-01,4.196886e-01,3.694660e-01,4.159043e-01,3.956253e-01,3.885633e-01,4.867364e-01,4.798607e-01,3.095934e-01,3.000000e-01,4.423566e-01,1.294574e+04,9.291697e+03
7.426063e+00,8.000000e+00,6.769387e+00,7.763941e+00,4.000000e+00,8.000000e+00,4.000000e+00,4.000000e+00,4.000000e+00,6.950559e+00,8.000000e+00,8.000000e+00,8.000000e+00,4.000000e+00,4.566501e+00,8.000000e+00,4.000000e+00,6.057729e+00,3.000000e-01,3.000000e-01,3.000000e-01,3.000000e-01,3.000000e-01,3.000000e-01,3.000000e-01,5.000000e-01,3.000000e-01,3.000000e-01,3.000000e-01,3.000000e-01,5.000000e-01,3.000000e-01,3.000000e-01,5.000000e-01,3.000000e-01,5.000000e-01,1.427548e+04,1.156136e+04
6.695538e+00,8.000000e+00,6.655423e+00,8.000000e+00,5.326778e+00,8.000000e+00,8.000000e+00,4.436286e+00,5.760727e+00,8.000000e+00,8.000000e+00,4.665559e+00,8.000000e+00,5.072349e+00,7.478273e+00,8.000000e+00,8.000000e+00,4.184823e+00,3.000000e-01,3.000000e-01,3.000000e-01,3.000000e-01,3.000000e-01,3.000000e-01,3.217091e-01,5.000000e-01,3.000000e-01,3.000000e-01,3.000000e-01,3.000000e-01,3.000000e-01,3.000000e-01,3.590144e-01,5.000000e-01,3.668080e-01,4.861885e-01,1.423094e+04,9.515198e+03
4.508656e+00,7.709250e+00,4.660473e+00,5.208443e+00,5.639917e+00,7.024655e+00,6.039314e+00,4.125908e+00,4.895057e+00,5.220744e+00,5.569873e+00,4.524120e+00,7.100456e+00,6.387644e+00,6.209119e+00,6.539036e+00,6.437120e+00,5.785090e+00,4.492361e-01,3.431867e-01,3.736780e-01,3.547647e-01,4.006982e-01,3.136077e-01,4.792362e-01,3.529894e-01,4.273343e-01,3.461096e-01,3.112309e-01,3.653301e-01,3.627272e-01,4.133020e-01,3.465782e-01,4.232046e-01,4.117034e-01,3.877238e-01,1.353609e+04,9.883878e+03
4.314506e+00,4.876838e+00,6.555616e+00,7.622326e+00,7.668107e+00,5.724753e+00,6.075448e+00,4.964457e+00,4.960660e+00,4.820246e+00,6.642326e+00,6.275240e+00,7.867977e+00,5.603199e+00,7.671941e+00,6.737711e+00,5.070210e+00,4.328527e+00,3.064929e-01,3.482295e-01,3.259591e-01,4.474958e-01,3.908442e-01,3.049342e-01,3.041230e-01,4.186700e-01,4.605338e-01,3.837629e-01,4.503974e-01,4.145578e-01,4.770835e-01,4.856630e-01,4.170141e-01,4.707369e-01,3.237036e-01,4.363440e-01,1.347579e+04,9.414848e+03
5.736716e+00,4.282667e+00,7.575571e+00,6.480626e+00,6.785843e+00,5.203506e+00,6.706928e+00,6.457292e+00,7.087110e+00,6.172736e+00,5.538953e+00,6.490856e+00,6.082684e+00,6.383228e+00,7.321520e+00,4.077196e+00,5.211661e+00,6.988550e+00,4.122966e-01,3.679521e-01,4.587481e-01,4.063962e-01,3.053008e-01,4.351572e-01,4.709975e-01,4.540339e-01,3.333417e-01,3.343204e-01,3.849396e-01,3.566814e-01,3.409023e-01,3.665348e-01,4.406673e-01,4.364029e-01,3.972646e-01,3.031721e-01,1.312573e+04,8.224752e+03
7.291077e+00,5.277425e+00,5.868842e+00,6.331807e+00,5.708203e+00,4.775159e+00,7.498515e+00,6.969269e+00,6.869755e+00,7.444086e+00,4.249190e+00,4.811305e+00,7.743126e+00,4.656002e+00,4.002371e+00,5.940916e+00,6.638579e+00,5.816319e+00,3.648534e-01,4.909193e-01,4.382354e-01,3.621629e-01,4.208652e-01,4.434599e-01,4.024170e-01,4.778657e-01,4.532404e-01,4.474051e-01,4.081725e-01,4.942387e-01,4.084192e-01,3.956885e-01,4.923598e-01,3.872963e-01,4.978930e-01,4.999323e-01,1.284683e+04,1.029535e+04
7.390936e+00,6.261092e+00,4.172865e+00,5.720263e+00,5.834434e+00,6.010530e+00,7.998502e+00,5.547629e+00,5.039742e+00,5.127482e+00,4.595476e+00,5.548098e+00,7.709257e+00,5.807533e+00,4.064563e+00,6.803433e+00,5.006271e+00,7.591859e+00,3.706025e-01,3.295901e-01,3.957281e-01,3.137487e-01,3.095802e-01,3.052177e-01,3.021310e-01,4.390837e-01,3.206201e-01,3.899878e-01,3.777715e-01,4.307756e-01,4.470256e-01,3.564455e-01,4.329183e-01,4.924747e-01,3.986474e-01,3.863832e-01,1.352600e+04,9.263629e+03
6.976918e+00,6.383700e+00,4.535888e+00,6.502260e+00,6.881750e+00,4.464924e+00,4.036141e+00,6.239744e+00,4.136585e+00,7.341447e+00,4.962221e+00,7.433588e+00,7.328324e+00,6.757787e+00,4.525933e+00,4.363216e+00,6.836192e+00,4.447893e+00,4.379814e-01,4.688876e-01,3.911259e-01,3.812368e-01,3.046772e-01,4.476688e-01,3.081346e-01,3.573655e-01,4.589280e-01,4.710137e-01,4.322871e-01,4.777897e-01,4.288584e-01,4.410943e-01,3.872372e-01,3.921043e-01,3.771677e-01,4.173792e-01,1.305390e+04,8.850979e+03
4.037851e+00,7.022817e+00,5.772306e+00,7.323899e+00,6.554142e+00,7.391560e+00,6.148796e+00,6.453920e+00,4.429004e+00,7.550238e+00,7.777189e+00,4.286803e+00,6.027324e+00,5.120631e+00,7.324973e+00,7.944439e+00,6.409631e+00,4.991281e+00,4.296735e-01,4.724825e-01,4.121786e-01,4.222725e-01,4.483807e-01,4.695304e-01,3.974015e-01,4.185209e-01,4.229421e-01,3.650680e-01,3.660995e-01,4.475811e-01,3.582229e-01,3.014042e-01,3.793835e-01,3.079956e-01,4.594805e-01,4.058370e-01,1.316137e+04,8.426935e+03
5.195439e+00,7.851897e+00,4.617366e+00,4.435358e+00,7.304048e+00,7.393066e+00,7.058953e+00,7.354744e+00,5.767635e+00,5.563214e+00,5.433745e+00,7.347344e+00,7.855346e+00,5.970658e+00,6.055531e+00,4.733915e+00,6.240756e+00,5.719673e+00,3.997497e-01,3.287275e-01,4.316248e-01,4.054578e-01,3.521348e-01,4.328533e-01,4.230913e-01,4.885300e-01,3.629346e-01,4.693037e-01,4.142957e-01,3.035213e-01,3.910454e-01,3.732748e-01,4.061350e-01,4.233206e-01,3.511932e-01,4.633744e-01,1.332820e+04,8.755808e+03
7.084153e+00,6.919024e+00,7.894271e+00,6.182000e+00,6.230224e+00,4.296077e+00,7.892299e+00,7.208448e+00,7.682098e+00,7.106829e+00,6.206496e+00,7.614981e+00,7.654116e+00,4.097043e+00,5.403311e+00,4.378550e+00,6.403684e+00,4.543808e+00,4.457313e-01,4.584692e-01,4.984746e-01,3.048081e-01,4.054692e-01,4.659455e-01,4.701227e-01,3.483832e-01,3.535111e-01,4.069122e-01,3.809734e-01,4.946041e-01,3.976427e-01,3.482867e-01,3.568469e-01,4.612483e-01,3.322828e-01,3.536071e-01,1.331877e+04,8.833411e+03
7.498181e+00,5.682651e+00,5.296716e+00,6.161790e+00,5.554473e+00,6.403927e+00,5.855932e+00,5.686612e+00,5.187270e+00,7.141682e+00,5.653938e+00,5.315646e+00,6.548256e+00,6.276500e+00,4.308087e+00,7.336316e+00,4.061053e+00,6.311168e+00,3.167854e-01,4.385083e-01,4.645622e-01,3.409206e-01,3.971588e-01,4.609318e-01,3.474794e-01,4.623304e-01,4.003502e-01,4.546805e-01,4.661616e-01,4.907919e-01,3.677731e-01,4.485549e-01,4.963101e-01,4.906290e-01,4.728218e-01,4.592301e-01,1.308759e+04,9.460599e+03
6.603491e+00,4.184444e+00,6.516734e+00,5.657620e+00,6.229736e+00,5.841244e+00,4.737178e+00,7.899360e+00,5.930581e+00,6.815455e+00,7.017073e+00,6.425928e+00,4.835345e+00,6.237458e+00,7.945225e+00,4.985689e+00,7.538846e+00,6.583579e+00,4.673166e-01,3.828176e-01,4.101421e-01,3.897702e-01,4.465083e-01,4.916860e-01,3.059666e-01,3.747148e-01,4.095634e-01,4.876511e-01,3.227614e-01,4.226223e-01,3.410831e-01,3.312754e-01,3.092383e-01,3.148205e-01,4.329817e-01,4.813410e-01,1.287648e+04,8.009526e+03
6.589120e+00,7.311331e+00,6.822287e+00,8.000000e+00,5.773062e+00,8.000000e+00,8.000000e+00,5.960228e+00,7.006872e+00,8.000000e+00,8.000000e+00,8.000000e+00,8.000000e+00,5.532098e+00,5.875858e+00,8.000000e+00,8.000000e+00,4.361437e+00,3.000000e-01,3.000000e-01,3.000000e-01,3.000000e-01,3.000000e-01,3.000000e-01,3.014261e-01,4.531099e-01,3.000000e-01,3.000000e-01,3.000000e-01,3.000000e-01,4.107473e-01,3.000000e-01,3.355821e-01,5.000000e-01,3.000000e-01,3.000000e-01,1.412708e+04,8.168353e+03
5.378281e+00,5.490358e+00,6.140185e+00,6.503519e+00,6.731316e+00,7.566966e+00,5.413420e+00,5.919047e+00,4.996693e+00,6.855144e+00,4.431192e+00,4.312023e+00,4.649460e+00,4.740077e+00,4.680074e+00,4.583548e+00,4.143865e+00,5.909376e+00,3.020290e-01,3.512217e-01,3.924575e-01,3.841928e-01,3.493476e-01,4.721666e-01,4.059596e-01,3.619668e-01,3.977653e-01,3.230023e-01,3.914488e-01,3.337173e-01,4.962117e-01,3.871082e-01,4.502478e-01,3.051373e-01,4.196978e-01,3.359060e-01,1.350709e+04,1.065929e+04
4.007774e+00,6.944041e+00,4.541746e+00,5.563157e+00,5.780899e+00,5.700320e+00,4.963434e+00,4.651501e+00,4.491369e+00,6.609235e+00,7.285751e+00,5.484227e+00,6.887158e+00,7.929184e+00,6.310732e+00,6.427908e+00,4.121897e+00,4.743029e+00,4.466565e-01,3.106621e-01,4.661135e-01,3.121581e-01,3.966453e-01,3.603538e-01,4.442497e-01,3.556411e-01,3.570443e-01,3.502657e-01,4.767586e-01,4.598295e-01,4.515366e-01,3.239702e-01,4.414053e-01,4.373120e-01,4.950696e-01,4.732804e-01,1.319187e+04,9.097612e+03
4.041723e+00,4.461752e+00,4.453995e+00,5.140921e+00,4.781218e+00,7.646608e+00,7.110564e+00,6.530035e+00,7.108048e+00,7.363026e+00,4.549738e+00,6.734314e+00,6.309379e+00,7.328832e+00,6.549801e+00,4.616117e+00,7.797074e+00,7.265197e+00,3.035711e-01,4.504747e-01,3.134974e-01,3.543048e-01,4.205169e-01,4.852698e-01,4.840168e-01,3.960652e-01,4.777843e-01,4.798959e-01,4.289642e-01,4.000950e-01,4.720579e-01,4.290285e-01,3.858011e-01,3.667819e-01,4.355240e-01,4.606706e-01,1.256217e+04,7.804025e+03
6.403557e+00,5.284711e+00,5.701400e+00,5.176372e+00,7.601062e+00,6.896717e+00,5.305994e+00,5.098053e+00,7.631658e+00,6.250413e+00,4.859789e+00,7.741183e+00,4.851550e+00,5.554813e+00,7.103673e+00,6.638579e+00,5.206810e+00,5.690898e+00,3.733877e-01,3.786318e-01,3.908716e-01,3.010984e-01,3.558897e-01,4.099986e-01,4.163566e-01,4.815638e-01,3.887834e-01,3.953230e-01,4.879410e-01,4.231536e-01,3.390839e-01,4.230619e-01,3.310723e-01,3.411053e-01,4.440908e-01,4.439042e-01,1.322725e+04,8.695462e+03
6.771532e+00,5.548309e+00,5.815887e+00,5.005773e+00,6.994677e+00,4.415152e+00,6.530180e+00,6.069420e+00,5.576295e+00,5.105235e+00,6.553826e+00,4.937860e+00,6.911131e+00,4.383570e+00,5.038161e+00,7.713930e+00,5.960480e+00,4.771006e+00,4.585188e-01,3.964311e-01,3.734337e-01,3.028675e-01,4.620764e-01,4.505401e-01,3.360208e-01,4.686779e-01,3.893046e-01,4.033249e-01,3.779761e-01,3.287876e-01,3.311696e-01,3.510699e-01,3.040981e-01,3.417106e-01,3.054842e-01,4.137170e-01,1.337926e+04,9.118776e+03
6.574545e+00,6.574131e+00,7.047167e+00,4.853119e+00,7.437355e+00,4.861589e+00,7.223466e+00,5.595027e+00,7.687025e+00,4.254767e+00,6.862011e+00,6.628664e+00,6.516942e+00,5.057415e+00,4.504998e+00,6.401614e+00,4.684497e+00,4.673552e+00,3.264269e-01,3.544665e-01,3.989769e-01,4.843892e-01,3.295420e-01,3.740254e-01,4.544244e-01,4.076926e-01,3.120015e-01,3.891042e-01,3.362003e-01,3.059001e-01,3.497746e-01,3.206343e-01,3.634175e-01,3.363945e-01,3.713956e-01,3.611466e-01,1.368168e+04,9.729068e+03
5.191934e+00,4.872451e+00,7.099324e+00,5.191340e+00,6.584160e+00,5.557448e+00,6.912784e+00,5.510255e+00,7.951013e+00,4.145130e+00,5.978135e+00,6.009408e+00,7.710426e+00,4.904632e+00,7.547042e+00,5.166216e+00,5.353726e+00,6.678476e+00,3.646513e-01,3.202548e-01,3.391093e-01,4.435390e-01,3.870185e-01,3.924858e-01,4.677660e-01,3.567659e-01,4.122317e-01,4.322982e-01,3.789012e-01,3.682016e-01,4.504048e-01,3.645705e-01,4.446895e-01,3.688277e-01,3.646388e-01,3.714460e-01,1.351254e+04,9.043776e+03
4.522581e+00,6.435135e+00,7.007164e+00,7.814109e+00,7.563090e+00,7.015041e+00,4.622310e+00,6.229503e+00,5.667865e+00,4.157595e+00,5.403873e+00,5.884836e+00,5.344666e+00,6.482306e+00,7.694858e+00,4.304060e+00,4.387267e+00,4.115732e+00,4.959211e-01,3.216731e-01,4.848360e-01,4.134542e-01,4.049285e-01,4.731602e-01,3.928847e-01,4.624308e-01,3.176094e-01,3.689740e-01,3.426983e-01,3.871230e-01,3.985758e-01,4.791652e-01,4.448037e-01,3.185730e-01,3.434613e-01,4.641456e-01,1.333009e+04,8.818216e+03
7.385507e+00,7.570190e+00,4.182093e+00,6.069082e+00,4.126166e+00,5.616841e+00,5.649045e+00,4.361008e+00,4.835208e+00,7.504947e+00,5.293495e+00,5.593982e+00,6.483124e+00,7.088782e+00,5.366291e+00,7.739835e+00,5.189413e+00,6.209718e+00,3.660316e-01,4.525670e-01,4.748072e-01,3.932745e-01,4.814155e-01,4.600948e-01,3.922030e-01,4.900627e-01,3.295215e-01,4.727601e-01,3.837314e-01,4.487246e-01,3.511569e-01,3.470751e-01,4.397848e-01,4.865160e-01,4.660102e-01,3.830111e-01,1.292060e+04,1.013561e+04
6.260000e+00,5.357812e+00,7.920183e+00,4.699381e+00,7.683511e+00,5.387492e+00,4.864894e+00,7.745099e+00,6.173667e+00,7.559253e+00,7.576143e+00,7.184815e+00,7.275273e+00,7.295723e+00,4.408514e+00,5.255172e+00,4.652678e+00,6.283543e+00,3.368773e-01,3.704810e-01,3.253915e-01,4.021143e-01,4.368055e-01,4.447868e-01,3.680398e-01,3.561121e-01,4.156198e-01,3.922490e-01,4.976404e-01,3.329502e-01,3.907103e-01,3.928247e-01,3.629133e-01,4.390237e-01,4.631065e-01,4.275891e-01,1.348747e+04,8.796747e+03
7.354877e+00,4.717016e+00,5.136923e+00,7.733425e+00,4.297300e+00,4.970196e+00,4.246463e+00,5.656532e+00,6.910262e+00,4.335394e+00,7.398692e+00,4.579833e+00,7.727261e+00,6.500016e+00,7.487982e+00,5.595289e+00,6.536479e+00,5.411884e+00,4.345476e-01,4.369860e-01,3.991140e-01,4.941706e-01,4.371725e-01,3.504075e-01,4.505865e-01,3.878360e-01,4.166070e-01,3.377829e-01,3.791202e-01,4.790173e-01,3.809006e-01,3.065605e-01,4.255602e-01,4.257477e-01,4.095740e-01,3.100960e-01,1.277411e+04,8.509160e+03
6.562916e+00,7.201127e+00,4.943359e+00,5.147030e+00,7.657948e+00,7.159509e+00,4.125039e+00,6.740737e+00,7.177512e+00,7.390808e+00,5.252823e+00,4.358284e+00,6.978040e+00,7.074467e+00,5.795823e+00,4.183609e+00,6.069509e+00,7.541568e+00,4.776395e-01,4.989190e-01,4.621541e-01,4.407718e-01,4.388832e-01,3.205616e-01,3.220678e-01,4.646752e-01,4.714958e-01,3.000044e-01,4.917796e-01,3.341721e-01,4.633258e-01,4.304888e-01,4.963353e-01,4.370792e-01,4.901165e-01,4.485811e-01,1.285948e+04,8.315428e+03
6.993175e+00,7.857743e+00,7.457798e+00,5.003912e+00,4.949451e+00,4.252891e+00,4.937748e+00,6.315747e+00,6.940888e+00,4.032845e+00,5.028928e+00,4.523862e+00,7.655891e+00,7.116452e+00,7.970326e+00,6.650139e+00,6.702352e+00,5.561507e+00,4.772274e-01,4.217051e-01,3.841572e-01,4.483280e-01,4.875792e-01,3.647622e-01,4.187436e-01,4.144603e-01,4.224832e-01,3.563138e-01,3.963323e-01,4.892246e-01,4.791015e-01,3.171450e-01,3.298308e-01,4.756163e-01,4.389022e-01,4.422140e-01,1.354659e+04,1.008827e+04
4.976389e+00,5.595529e+00,4.563531e+00,8.000000e+00,8.000000e+00,8.000000e+00,7.717804e+00,6.684989e+00,6.708889e+00,8.000000e+00,8.000000e+00,8.000000e+00,8.000000e+00,6.584831e+00,7.535404e+00,8.000000e+00,8.000000e+00,6.292480e+00,3.590753e-01,4.407971e-01,3.552198e-01,3.000000e-01,3.000000e-01,3.000000e-01,3.159510e-01,3.000000e-01,3.244041e-01,3.000000e-01,3.000000e-01,3.000000e-01,5.000000e-01,3.000000e-01,3.000000e-01,5.000000e-01,3.278136e-01,3.886002e-01,1.318826e+04,5.225461e+03
4.842936e+00,6.607754e+00,7.470435e+00,5.611054e+00,4.150169e+00,7.418542e+00,5.282111e+00,7.179259e+00,7.247486e+00,5.748706e+00,4.931414e+00,6.204719e+00,5.774884e+00,7.864700e+00,7.063844e+00,5.900098e+00,6.860468e+00,4.557043e+00,3.764755e-01,4.195722e-01,4.918969e-01,3.357672e-01,4.466111e-01,3.033146e-01,4.677783e-01,3.609281e-01,4.940437e-01,3.393704e-01,4.398573e-01,3.397180e-01,4.490177e-01,4.409247e-01,3.829859e-01,3.776754e-01,4.929913e-01,4.463755e-01,1.310372e+04,8.561778e+03
5.572579e+00,4.923912e+00,6.689037e+00,5.977921e+00,7.179273e+00,5.264821e+00,5.124910e+00,7.817653e+00,6.409228e+00,5.151989e+00,6.695191e+00,4.551360e+00,7.132747e+00,4.698513e+00,5.842686e+00,4.845527e+00,5.156389e+00,5.406444e+00,4.508042e-01,4.644479e-01,4.244859e-01,4.899521e-01,4.272019e-01,3.817752e-01,3.212750e-01,4.334116e-01,3.797931e-01,4.350297e-01,4.063283e-01,3.628841e-01,4.448967e-01,3.841378e-01,3.705523e-01,3.629719e-01,3.434226e-01,3.141728e-01,1.283663e+04,8.175858e+03
7.725047e+00,4.091214e+00,5.966424e+00,4.411116e+00,5.833719e+00,5.076632e+00,4.874935e+00,7.665531e+00,5.030328e+00,5.020161e+00,7.110132e+00,7.166120e+00,4.201565e+00,7.833004e+00,4.354186e+00,6.480010e+00,4.334934e+00,4.901691e+00,3.752324e-01,4.113537e-01,4.882755e-01,4.384621e-01,3.415465e-01,3.830088e-01,3.907949e-01,3.453837e-01,3.753432e-01,4.953155e-01,3.065813e-01,3.041188e-01,4.443395e-01,3.692877e-01,3.112556e-01,3.203330e-01,4.618329e-01,3.383849e-01,1.272822e+04,7.956061e+03
4.522134e+00,5.926942e+00,6.987786e+00,4.777916e+00,4.529110e+00,7.421731e+00,4.160136e+00,5.382760e+00,5.554523e+00,4.415714e+00,7.161017e+00,7.684723e+00,5.903495e+00,5.686212e+00,7.386839e+00,5.766745e+00,6.471341e+00,7.297386e+00,4.023347e-01,4.053170e-01,4.157434e-01,4.725504e-01,3.340420e-01,3.901352e-01,4.974789e-01,4.379069e-01,3.739934e-01,3.798431e-01,4.835617e-01,4.736316e-01,3.542058e-01,3.614951e-01,3.783679e-01,3.745447e-01,4.583876e-01,4.729827e-01,1.316103e+04,8.949228e+03
7.148612e+00,4.722005e+00,4.812806e+00,5.087364e+00,4.236991e+00,5.551637e+00,7.150771e+00,6.589990e+00,4.897106e+00,5.518814e+00,4.775592e+00,6.882386e+00,4.672464e+00,5.826092e+00,4.509665e+00,5.560533e+00,5.403437e+00,7.741785e+00,3.551379e-01,3.756728e-01,4.271376e-01,3.887917e-01,4.436825e-01,4.423568e-01,3.551639e-01,4.638124e-01,3.081401e-01,4.103159e-01,4.174346e-01,3.796153e-01,4.562791e-01,4.558636e-01,4.295621e-01,4.910139e-01,3.825591e-01,4.022725e-01,1.293536e+04,9.764640e+03
7.147418e+00,5.487182e+00,6.963233e+00,5.447560e+00,7.741151e+00,7.111070e+00,7.984876e+00,4.809054e+00,4.213347e+00,4.684557e+00,7.666251e+00,6.734121e+00,5.155381e+00,6.963364e+00,6.137476e+00,7.496106e+00,5.574626e+00,6.892381e+00,4.927918e-01,4.414439e-01,4.409198e-01,4.731004e-01,4.011897e-01,4.677895e-01,4.079940e-01,4.529131e-01,4.841887e-01,4.235340e-01,4.023655e-01,3.439598e-01,4.723761e-01,4.631856e-01,4.880429e-01,3.600426e-01,4.406947e-01,3.677775e-01,1.303601e+04,8.598266e+03
6.385025e+00,6.595806e+00,5.243620e+00,7.202046e+00,4.336534e+00,7.866150e+00,4.627555e+00,6.183186e+00,4.236863e+00,5.295210e+00,6.252893e+00,7.850709e+00,6.734048e+00,4.954088e+00,5.768924e+00,5.034307e+00,4.443492e+00,6.114791e+00,4.766704e-01,4.824400e-01,3.525534e-01,4.923631e-01,3.423948e-01,3.422941e-01,3.327521e-01,3.502304e-01,3.312764e-01,4.177097e-01,3.547485e-01,4.112920e-01,4.100304e-01,3.282781e-01,4.192312e-01,3.070535e-01,3.218165e-01,3.619137e-01,1.324060e+04,8.918953e+03
4.533103e+00,7.000236e+00,5.444855e+00,7.558402e+00,7.948520e+00,5.660477e+00,7.790336e+00,4.904560e+00,4.961443e+00,4.594533e+00,6.914552e+00,7.909268e+00,7.931626e+00,5.733152e+00,4.138090e+00,6.813684e+00,7.786865e+00,7.069457e+00,4.077288e-01,4.466697e-01,4.395966e-01,3.295656e-01,4.863513e-01,3.637616e-01,4.160479e-01,3.134404e-01,4.108629e-01,3.173052e-01,4.034920e-01,3.726338e-01,3.877960e-01,4.652030e-01,3.561766e-01,4.248091e-01,4.146521e-01,4.084782e-01,1.321259e+04,8.482377e+03
5.906042e+00,5.124176e+00,7.891568e+00,4.427848e+00,5.082284e+00,7.872749e+00,4.135572e+00,4.548083e+00,7.726747e+00,5.073052e+00,6.015689e+00,7.438491e+00,4.338510e+00,6.707399e+00,6.011747e+00,5.913318e+00,4.159187e+00,7.027714e+00,3.457406e-01,4.362796e-01,4.809091e-01,3.515861e-01,4.177649e-01,4.281211e-01,3.168227e-01,4.886225e-01,4.360026e-01,3.511106e-01,4.945575e-01,3.912917e-01,4.029059e-01,3.023887e-01,4.141433e-01,4.265632e-01,4.506935e-01,3.925908e-01,1.301493e+04,8.870578e+03
7.560110e+00,6.898150e+00,7.254450e+00,5.766548e+00,7.352084e+00,6.004392e+00,6.006325e+00,5.906237e+00,7.542128e+00,7.048426e+00,4.401179e+00,6.978111e+00,4.369901e+00,6.167307e+00,5.051932e+00,6.734061e+00,6.246348e+00,6.541830e+00,3.093902e-01,4.719631e-01,3.959368e-01,3.611143e-01,4.097864e-01,3.291860e-01,3.279024e-01,4.306660e-01,3.504519e-01,3.403119e-01,3.670970e-01,3.981861e-01,3.689150e-01,3.321725e-01,4.567664e-01,3.146431e-01,3.934928e-01,3.778911e-01,1.353885e+04,9.110680e+03
5.125448e+00,6.531279e+00,5.425653e+00,5.751243e+00,7.421649e+00,6.198927e+00,5.029285e+00,6.102518e+00,7.307342e+00,5.906788e+00,5.227191e+00,7.741001e+00,4.978697e+00,7.347402e+00,6.436853e+00,5.542568e+00,4.853724e+00,7.682166e+00,4.290622e-01,3.152435e-01,3.486132e-01,3.003261e-01,4.585460e-01,3.752554e-01,4.123623e-01,3.754416e-01,3.882751e-01,4.641056e-01,3.097662e-01,3.723399e-01,4.322567e-01,3.920011e-01,3.801700e-01,3.744342e-01,3.398832e-01,4.818879e-01,1.348702e+04,9.015963e+03
5.459525e+00,6.779206e+00,6.767336e+00,5.298068e+00,6.755062e+00,5.478462e+00,5.384049e+00,6.890856e+00,4.752686e+00,5.194168e+00,5.211121e+00,4.034197e+00,6.138625e+00,7.110191e+00,7.856732e+00,6.243298e+00,4.880616e+00,5.030718e+00,4.331348e-01,3.759196e-01,4.823345e-01,4.918977e-01,4.373715e-01,4.899554e-01,4.904863e-01,4.408783e-01,4.944117e-01,4.714792e-01,4.359241e-01,4.681392e-01,4.573397e-01,3.641249e-01,3.294562e-01,3.703594e-01,4.814162e-01,3.587040e-01,1.321340e+04,9.757609e+03
7.814583e+00,4.484581e+00,6.884346e+00,6.109261e+00,4.656886e+00,7.385414e+00,7.880197e+00,4.602717e+00,4.280969e+00,6.678748e+00,5.466254e+00,5.065073e+00,5.192509e+00,6.940882e+00,5.273068e+00,6.555739e+00,5.929338e+00,4.908826e+00,3.246982e-01,4.719805e-01,3.251165e-01,3.184215e-01,3.629057e-01,4.318341e-01,3.147602e-01,3.510120e-01,3.581775e-01,3.143840e-01,4.544874e-01,4.714121e-01,4.252656e-01,3.991828e-01,4.521206e-01,4.544114e-01,3.358383e-01,3.099136e-01,1.316341e+04,9.060293e+03
6.383146e+00,6.412363e+00,4.738756e+00,5.570867e+00,4.829782e+00,6.803481e+00,6.619856e+00,5.629969e+00,5.075867e+00,4.411294e+00,6.854007e+00,7.876246e+00,7.705731e+00,7.279213e+00,4.065948e+00,5.535625e+00,5.873790e+00,6.083667e+00,3.197818e-01,3.963828e-01,3.015785e-01,3.479702e-01,4.014643e-01,4.291441e-01,4.552422e-01,4.937759e-01,4.056938e-01,4.374925e-01,4.058118e-01,3.825318e-01,3.852286e-01,4.342896e-01,3.652744e-01,4.691885e-01,3.343539e-01,3.620262e-01,1.352838e+04,9.476800e+03
6.469851e+00,5.927326e+00,5.067141e+00,7.996730e+00,7.610693e+00,5.863549e+00,5.571479e+00,5.989228e+00,7.384710e+00,7.071101e+00,4.975870e+00,4.420270e+00,5.178138e+00,5.570592e+00,6.449432e+00,7.283367e+00,7.233986e+00,7.177036e+00,4.569409e-01,4.856684e-01,4.909038e-01,3.576063e-01,3.919214e-01,4.705975e-01,4.765053e-01,4.123240e-01,4.474422e-01,3.694354e-01,4.838222e-01,4.795094e-01,4.579941e-01,4.328737e-01,3.640460e-01,3.288077e-01,4.586956e-01,3.144043e-01,1.261649e+04,8.456212e+03
7.535631e+00,6.160602e+00,7.976322e+00,4.698584e+00,6.900973e+00,7.892826e+00,6.399419e+00,4.050743e+00,7.131940e+00,6.753993e+00,7.616601e+00,4.808023e+00,7.143670e+00,7.777419e+00,6.265880e+00,6.375366e+00,5.950504e+00,5.709265e+00,3.823241e-01,4.335038e-01,3.947850e-01,4.744088e-01,3.224456e-01,3.450979e-01,3.972120e-01,4.864962e-01,4.969822e-01,3.658754e-01,3.268898e-01,4.024325e-01,3.489434e-01,3.878213e-01,4.662367e-01,3.452696e-01,4.619495e-01,3.718336e-01,1.341737e+04,8.844942e+03
4.593431e+00,4.237225e+00,6.969014e+00,4.904054e+00,4.974060e+00,5.710261e+00,6.569625e+00,4.652133e+00,7.041307e+00,6.763075e+00,5.123583e+00,6.865495e+00,5.189320e+00,6.039125e+00,5.706985e+00,4.379229e+00,5.584036e+00,6.215040e+00,4.767094e-01,4.582066e-01,3.314890e-01,3.227823e-01,4.090202e-01,3.825600e-01,3.431601e-01,4.048426e-01,4.846563e-01,4.049223e-01,3.957585e-01,4.452303e-01,4.785717e-01,3.574316e-01,4.883811e-01,3.709505e-01,3.878191e-01,3.570899e-01,1.270090e+04,8.403514e+03
5.103312e+00,5.708064e+00,4.947549e+00,4.341952e+00,7.867488e+00,4.740439e+00,4.459567e+00,6.221623e+00,5.046204e+00,7.880069e+00,4.741789e+00,7.033990e+00,7.226063e+00,4.494060e+00,5.815219e+00,7.924869e+00,4.743799e+00,7.908120e+00,3.761200e-01,3.267611e-01,4.126521e-01,3.236782e-01,4.216478e-01,3.024915e-01,3.554042e-01,4.564183e-01,4.121561e-01,4.418899e-01,4.449622e-01,3.259717e-01,4.878274e-01,3.968343e-01,4.341895e-01,3.516460e-01,3.897171e-01,4.959044e-01,1.338582e+04,9.239850e+03
4.336438e+00,7.652867e+00,6.063566e+00,6.966077e+00,5.061699e+00,6.699949e+00,7.564655e+00,7.231449e+00,5.145817e+00,5.514965e+00,6.448952e+00,7.883443e+00,6.640390e+00,4.964715e+00,4.053233e+00,6.632347e+00,6.985627e+00,4.054346e+00,3.946348e-01,3.370729e-01,4.712519e-01,4.053842e-01,3.501055e-01,3.171586e-01,4.670554e-01,3.216616e-01,4.909240e-01,3.494313e-01,3.072354e-01,3.975770e-01,3.188841e-01,3.533097e-01,3.529352e-01,4.804585e-01,3.852763e-01,4.781108e-01,1.357941e+04,9.210065e+03
4.274669e+00,5.252569e+00,6.167592e+00,6.852929e+00,5.993617e+00,6.860729e+00,6.990555e+00,7.157237e+00,6.225103e+00,6.889843e+00,6.275245e+00,7.970979e+00,5.328963e+00,6.183620e+00,5.011627e+00,6.506752e+00,4.750439e+00,5.713936e+00,4.101800e-01,3.792213e-01,3.229471e-01,4.854000e-01,4.491859e-01,3.456552e-01,3.945416e-01,3.513088e-01,4.298807e-01,4.954366e-01,4.326782e-01,3.001834e-01,4.968744e-01,3.233865e-01,3.490001e-01,4.922102e-01,4.209251e-01,4.390412e-01,1.313555e+04,8.555253e+03
6.705074e+00,4.591875e+00,7.993099e+00,4.710576e+00,7.195888e+00,6.074042e+00,5.009550e+00,6.679323e+00,4.246762e+00,6.878885e+00,4.450067e+00,5.568907e+00,6.217805e+00,5.352818e+00,7.938615e+00,4.813406e+00,6.604108e+00,6.625549e+00,4.430468e-01,3.212096e-01,4.773587e-01,4.565203e-01,3.031367e-01,4.865318e-01,4.756653e-01,4.866708e-01,3.568377e-01,3.712235e-01,4.222140e-01,4.613434e-01,4.206647e-01,4.766487e-01,4.102796e-01,4.893771e-01,4.715543e-01,4.768336e-01,1.331545e+04,9.761408e+03
5.783607e+00,7.825392e+00,6.330263e+00,7.356837e+00,7.485869e+00,6.174323e+00,5.003495e+00,5.825740e+00,7.915422e+00,6.614245e+00,4.820386e+00,7.748824e+00,7.734402e+00,5.910951e+00,4.371405e+00,4.420557e+00,4.103961e+00,6.188208e+00,4.054758e-01,4.046134e-01,4.753406e-01,4.655576e-01,4.252328e-01,3.328684e-01,4.347137e-01,4.020145e-01,4.450783e-01,4.728722e-01,3.140050e-01,3.173898e-01,3.472496e-01,4.636706e-01,4.916284e-01,4.348448e-01,4.911007e-01,3.283196e-01,1.336387e+04,9.393139e+03
4.538884e+00,6.877378e+00,7.998336e+00,7.993865e+00,6.992794e+00,6.678370e+00,6.349213e+00,7.637563e+00,4.519217e+00,5.917453e+00,7.745969e+00,5.120363e+00,4.804143e+00,5.988280e+00,5.286437e+00,7.960903e+00,4.186302e+00,7.610777e+00,4.871342e-01,4.797677e-01,4.895577e-01,3.475484e-01,4.946994e-01,4.407128e-01,3.095291e-01,3.202654e-01,3.644039e-01,4.452650e-01,4.012781e-01,4.713856e-01,3.687772e-01,4.960726e-01,3.123131e-01,4.744534e-01,3.394498e-01,3.232438e-01,1.304898e+04,8.558166e+03
5.688740e+00,5.951473e+00,6.104425e+00,7.113261e+00,4.846052e+00,5.237284e+00,7.480754e+00,4.874193e+00,6.978057e+00,7.273932e+00,6.382319e+00,4.867832e+00,6.687350e+00,5.444320e+00,6.785766e+00,6.975099e+00,4.297786e+00,7.367884e+00,4.713134e-01,4.635049e-01,3.550514e-01,4.683246e-01,4.791668e-01,4.606880e-01,3.169171e-01,4.438671e-01,4.422548e-01,3.216179e-01,3.702470e-01,3.634023e-01,3.438701e-01,3.516283e-01,4.578749e-01,3.968075e-01,4.415936e-01,3.274240e-01,1.321533e+04,9.080415e+03
6.524212e+00,5.860815e+00,4.806738e+00,6.051681e+00,4.228109e+00,7.725909e+00,7.518822e+00,5.004145e+00,5.753754e+00,4.165864e+00,4.223638e+00,5.273477e+00,4.660650e+00,4.997638e+00,6.836960e+00,5.873044e+00,6.315918e+00,7.243804e+00,4.227287e-01,3.527756e-01,3.066834e-01,4.775918e-01,4.476637e-01,3.252678e-01,3.328665e-01,3.258477e-01,4.237857e-01,4.179090e-01,4.208114e-01,4.707998e-01,3.495012e-01,4.306470e-01,4.235399e-01,3.876273e-01,4.716430e-01,3.372529e-01,1.330847e+04,1.057612e+04
4.072967e+00,5.789196e+00,6.937471e+00,5.382826e+00,7.724971e+00,5.771801e+00,7.558112e+00,6.836044e+00,5.840639e+00,7.368792e+00,7.742121e+00,5.260973e+00,7.305341e+00,4.321996e+00,6.833824e+00,7.233961e+00,5.781672e+00,4.660878e+00,4.057328e-01,3.063271e-01,4.055806e-01,3.579509e-01,3.680852e-01,3.338123e-01,3.455261e-01,4.732954e-01,3.558545e-01,3.890519e-01,3.494555e-01,4.554980e-01,4.670254e-01,3.195888e-01,3.200628e-01,3.331707e-01,4.430253e-01,4.716242e-01,1.357793e+04,9.125416e+03
5.122528e+00,5.426538e+00,4.669002e+00,6.776412e+00,5.087658e+00,5.709223e+00,6.402371e+00,6.112871e+00,4.276012e+00,5.925693e+00,6.813106e+00,7.479988e+00,5.722588e+00,6.664117e+00,6.036861e+00,4.256037e+00,5.087628e+00,5.507120e+00,4.414729e-01,4.784401e-01,3.900266e-01,4.642050e-01,3.311864e-01,4.345973e-01,4.128330e-01,3.169527e-01,4.316417e-01,3.162383e-01,4.154316e-01,4.735738e-01,4.668902e-01,3.446839e-01,4.450799e-01,4.895763e-01,4.627027e-01,4.358180e-01,1.269464e+04,8.117772e+03
